product_id,sku,product_name,category,subcategory,brand,description,price,mrp,discount_percent,stock_quantity,warranty_months,returnable,replacement_available,rating,review_count,weight_kg,color,status
PROD-00001,VOL-ACC-3744-CHA,Voltix 100W GaN Charger,Accessories,Charger,Voltix,"Voltix 100W GaN Charger is a charger from Voltix featuring compatibility: USB-C devices, material: Tempered glass, in the box: Product + pouch + manual. Popular with students and professionals alike.",5199,5499,5.5,12,12,false,true,4.6,8,0.27,Charcoal,active
PROD-00002,NOV-ACC-5682-CHA,Nova 4K Webcam,Accessories,Webcam,NovaTech,"Nova 4K Webcam is a webcam from NovaTech featuring compatibility: Android & iOS devices, material: Tempered glass, in the box: Product + manual. A balanced pick for its class.",3199,3599,11.1,45,12,false,true,4.5,15,0.86,Charcoal,active
PROD-00003,TER-ACC-4518-TIT,TerraByte 128GB Memory Card,Accessories,Memory Card,TerraByte,"TerraByte 128GB Memory Card is a memory card from TerraByte featuring compatibility: USB-C devices, material: Tempered glass, in the box: Product + 1m cable. Backed by NovaMart-certified service.",1399,1899,26.3,0,12,false,true,4.5,16,0.95,Titanium,out_of_stock
PROD-00004,HEL-ACC-2309-OCE,Helix 30000mAh Power Bank,Accessories,Power Bank,Helix,"Helix 30000mAh Power Bank is a power bank from Helix featuring compatibility: Android & iOS devices, material: Silicone, in the box: Product + manual. Engineered for long-term use.",2399,3999,40.0,42,6,true,true,3.9,12,0.05,Ocean Blue,active
PROD-00005,KIT-ACC-4148-GRA,KiteWorks 100W GaN Charger,Accessories,Charger,KiteWorks,"KiteWorks 100W GaN Charger is a charger from KiteWorks featuring compatibility: USB-C devices, material: Tempered glass, in the box: Product + 1m cable. Engineered for long-term use.",5799,9699,40.2,11,24,true,false,3.7,16,0.39,Graphite,active
PROD-00006,TER-ACC-4297-TIT,TerraByte Braided 2m Cable,Accessories,Cable,TerraByte,"TerraByte Braided 2m Cable is a cable from TerraByte featuring compatibility: USB-C devices, material: Nylon braid, in the box: Product + manual. Backed by NovaMart-certified service.",149,209,28.7,49,24,false,true,3.7,18,0.03,Titanium,active
PROD-00007,TER-ACC-4791-WHI,TerraByte 4K Webcam,Accessories,Webcam,TerraByte,"TerraByte 4K Webcam is a webcam from TerraByte featuring compatibility: Universal, material: Nylon braid, in the box: Product + pouch + manual. Built for everyday reliability.",169,179,5.6,43,12,true,true,3.2,21,0.91,White,active
PROD-00008,TER-ACC-7834-MID,TerraByte Backpack Laptop Bag,Accessories,Laptop Bag,TerraByte,"TerraByte Backpack Laptop Bag is a laptop bag from TerraByte featuring compatibility: Universal, material: Tempered glass, in the box: Product + manual. Popular with students and professionals alike.",4299,5699,24.6,495,12,false,false,3.0,24,0.98,Midnight Blue,active
PROD-00009,VOL-ACC-9957-SPA,Voltix Slim Laptop Bag,Accessories,Laptop Bag,Voltix,"Voltix Slim Laptop Bag is a laptop bag from Voltix featuring compatibility: Universal, material: Tempered glass, in the box: Product + pouch + manual. Built for everyday reliability.",2599,3699,29.7,4,12,true,true,4.0,5,0.24,Space Grey,active
PROD-00010,VOL-ACC-6352-TIT,Voltix 20W Charger,Accessories,Charger,Voltix,"Voltix 20W Charger is a charger from Voltix featuring compatibility: Universal, material: Aluminium, in the box: Product + manual. Designed with Indian conditions in mind.",5999,6299,4.8,45,6,true,true,3.9,12,0.38,Titanium,active
PROD-00011,KIT-ACC-4660-TIT,KiteWorks 2m Cable,Accessories,Cable,KiteWorks,"KiteWorks 2m Cable is a cable from KiteWorks featuring compatibility: Laptops up to 16-inch, material: Silicone, in the box: Product + 1m cable. Popular with students and professionals alike.",309,339,8.8,96,12,false,true,3.1,10,0.85,Titanium,active
PROD-00012,VOL-ACC-1281-SIL,Voltix Armor Phone Case,Accessories,Phone Case,Voltix,"Voltix Armor Phone Case is a phone case from Voltix featuring compatibility: USB-C devices, material: ABS plastic, in the box: Product + 1m cable. Designed with Indian conditions in mind.",149,179,16.8,50,6,false,true,4.1,12,0.73,Silver,active
PROD-00013,VOL-ACC-4277-TIT,Voltix Type-C 9-in-1 USB Hub,Accessories,USB Hub,Voltix,"Voltix Type-C 9-in-1 USB Hub is a usb hub from Voltix featuring compatibility: Laptops up to 16-inch, material: Aluminium, in the box: Product + pouch + manual. Engineered for long-term use.",4999,5299,5.7,30,12,true,true,3.5,47,0.74,Titanium,active
PROD-00014,KIT-ACC-4534-GRA,KiteWorks 20W Charger,Accessories,Charger,KiteWorks,"KiteWorks 20W Charger is a charger from KiteWorks featuring compatibility: Android & iOS devices, material: Tempered glass, in the box: Product + 1m cable. Built for everyday reliability.",959,1099,12.7,29,12,false,true,4.3,22,0.95,Graphite,active
PROD-00015,NOV-ACC-8744-SIL,Nova Tempered Screen Protector,Accessories,Screen Protector,NovaTech,"Nova Tempered Screen Protector is a screen protector from NovaTech featuring compatibility: Android & iOS devices, material: ABS plastic, in the box: Product + pouch + manual. Includes all in-box accessories listed on the spec sheet.",2999,4999,40.0,0,6,false,true,,0,0.82,Silver,discontinued
PROD-00016,KIT-ACC-5824-SPA,KiteWorks 128GB Memory Card,Accessories,Memory Card,KiteWorks,"KiteWorks 128GB Memory Card is a memory card from KiteWorks featuring compatibility: Android & iOS devices, material: Silicone, in the box: Product + 1m cable. Designed with Indian conditions in mind.",1999,3099,35.5,11,12,true,true,3.7,15,0.46,Space Grey,active
PROD-00017,NOV-ACC-1424-CHA,Nova Anti-glare Screen Protector,Accessories,Screen Protector,NovaTech,"Nova Anti-glare Screen Protector is a screen protector from NovaTech featuring compatibility: Android & iOS devices, material: Nylon braid, in the box: Product + manual. Includes all in-box accessories listed on the spec sheet.",149,229,34.9,67,6,true,true,4.4,166,0.61,Charcoal,active
PROD-00018,VOL-ACC-2512-SIL,Voltix 20000mAh Power Bank,Accessories,Power Bank,Voltix,"Voltix 20000mAh Power Bank is a power bank from Voltix featuring compatibility: Android & iOS devices, material: Aluminium, in the box: Product + manual. Includes all in-box accessories listed on the spec sheet.",289,349,17.2,382,12,true,true,4.1,17,0.7,Silver,active
PROD-00019,KIT-ACC-3786-MID,KiteWorks 1m Cable,Accessories,Cable,KiteWorks,"KiteWorks 1m Cable is a cable from KiteWorks featuring compatibility: Laptops up to 16-inch, material: ABS plastic, in the box: Product + 1m cable. Popular with students and professionals alike.",2899,3199,9.4,20,12,false,false,4.1,11,0.68,Midnight Blue,active
PROD-00020,HEL-ACC-7995-GRA,Helix Braided 2m Cable,Accessories,Cable,Helix,"Helix Braided 2m Cable is a cable from Helix featuring compatibility: USB-C devices, material: Tempered glass, in the box: Product + manual. A balanced pick for its class.",149,159,6.3,76,6,false,true,4.3,70,0.14,Graphite,active
PROD-00021,TER-ACC-9860-SAN,TerraByte 7-in-1 USB Hub,Accessories,USB Hub,TerraByte,"TerraByte 7-in-1 USB Hub is a usb hub from TerraByte featuring compatibility: Universal, material: Tempered glass, in the box: Product + manual. Engineered for long-term use.",3999,4999,20.0,71,6,false,true,4.6,19,0.86,Sand Beige,active
PROD-00022,TER-ACC-4725-CHA,TerraByte 30000mAh Power Bank,Accessories,Power Bank,TerraByte,"TerraByte 30000mAh Power Bank is a power bank from TerraByte featuring compatibility: Universal, material: Aluminium, in the box: Product + manual. A balanced pick for its class.",1399,1599,12.5,96,6,false,true,4.0,4,0.07,Charcoal,active
PROD-00023,VOL-ACC-5996-OCE,Voltix 2m Cable,Accessories,Cable,Voltix,"Voltix 2m Cable is a cable from Voltix featuring compatibility: Android & iOS devices, material: Silicone, in the box: Product + 1m cable. Designed with Indian conditions in mind.",199,309,35.6,48,12,true,true,3.8,6,0.86,Ocean Blue,active
PROD-00024,NOV-ACC-5861-SPA,Nova Privacy Screen Protector,Accessories,Screen Protector,NovaTech,"Nova Privacy Screen Protector is a screen protector from NovaTech featuring compatibility: Universal, material: ABS plastic, in the box: Product + pouch + manual. Includes all in-box accessories listed on the spec sheet.",1299,1899,31.6,0,12,true,true,3.1,27,0.81,Space Grey,out_of_stock
PROD-00025,NOV-ACC-9032-SIL,Nova Foldable Laptop Stand,Accessories,Laptop Stand,NovaTech,"Nova Foldable Laptop Stand is a laptop stand from NovaTech featuring compatibility: Laptops up to 16-inch, material: Nylon braid, in the box: Product + 1m cable. Designed with Indian conditions in mind.",739,779,5.1,51,6,true,true,3.3,42,0.41,Silver,active
PROD-00026,VOL-ACC-7072-SIL,Voltix 10000mAh Power Bank,Accessories,Power Bank,Voltix,"Voltix 10000mAh Power Bank is a power bank from Voltix featuring compatibility: Android & iOS devices, material: ABS plastic, in the box: Product + 1m cable. Designed with Indian conditions in mind.",4299,6599,34.9,156,6,false,false,2.8,23,0.76,Silver,active
PROD-00027,NOV-ACC-6607-SIL,Nova Slim Phone Case,Accessories,Phone Case,NovaTech,"Nova Slim Phone Case is a phone case from NovaTech featuring compatibility: USB-C devices, material: Aluminium, in the box: Product + 1m cable. Includes all in-box accessories listed on the spec sheet.",149,179,16.8,51,6,false,true,4.4,5,0.31,Silver,active
PROD-00028,TER-ACC-6362-CHA,TerraByte 20W Charger,Accessories,Charger,TerraByte,"TerraByte 20W Charger is a charger from TerraByte featuring compatibility: Android & iOS devices, material: Tempered glass, in the box: Product + 1m cable. Designed with Indian conditions in mind.",4799,5299,9.4,213,24,false,true,4.1,18,0.71,Charcoal,active
PROD-00029,HEL-ACC-6169-WHI,Helix Tempered Screen Protector,Accessories,Screen Protector,Helix,"Helix Tempered Screen Protector is a screen protector from Helix featuring compatibility: Android & iOS devices, material: Tempered glass, in the box: Product + 1m cable. A balanced pick for its class.",149,209,28.7,50,12,true,true,4.1,89,0.74,White,active
PROD-00030,NOV-ACC-9244-ROS,Nova 20W Charger,Accessories,Charger,NovaTech,"Nova 20W Charger is a charger from NovaTech featuring compatibility: Android & iOS devices, material: Aluminium, in the box: Product + pouch + manual. Engineered for long-term use.",1099,1499,26.7,32,24,false,true,4.0,21,0.46,Rose Gold,active
PROD-00031,NOV-ACC-3382-TIT,Nova 4-port USB Hub,Accessories,USB Hub,NovaTech,"Nova 4-port USB Hub is a usb hub from NovaTech featuring compatibility: Android & iOS devices, material: Aluminium, in the box: Product + 1m cable. Includes all in-box accessories listed on the spec sheet.",239,299,20.1,45,24,false,true,4.2,11,0.64,Titanium,active
PROD-00032,NOV-ACC-4117-ROS,Nova Braided 2m Cable,Accessories,Cable,NovaTech,"Nova Braided 2m Cable is a cable from NovaTech featuring compatibility: Universal, material: Silicone, in the box: Product + manual. Built for everyday reliability.",149,179,16.8,10,6,true,true,4.1,53,0.69,Rose Gold,active
PROD-00033,TER-ACC-3460-ROS,TerraByte 15.6-inch Laptop Bag,Accessories,Laptop Bag,TerraByte,"TerraByte 15.6-inch Laptop Bag is a laptop bag from TerraByte featuring compatibility: Android & iOS devices, material: ABS plastic, in the box: Product + manual. Engineered for long-term use.",6399,6999,8.6,109,12,false,true,4.0,20,0.96,Rose Gold,active
PROD-00034,TER-ACC-6866-GRA,TerraByte Tempered Screen Protector,Accessories,Screen Protector,TerraByte,"TerraByte Tempered Screen Protector is a screen protector from TerraByte featuring compatibility: Universal, material: Silicone, in the box: Product + manual. Popular with students and professionals alike.",149,189,21.2,44,6,false,true,3.1,18,0.63,Graphite,active
PROD-00035,HEL-CAM-7110-MID,Helix Optic One Mini,Cameras,Vlogging Camera,Helix,"Helix Optic One Mini is a vlogging camera from Helix featuring sensor: 1/2.3-inch 12 MP, video: 1080p 30fps, battery: 2100 mAh. Designed with Indian conditions in mind.",9599,11999,20.0,0,12,true,true,5.0,1,0.53,Midnight Blue,out_of_stock
PROD-00036,PIX-CAM-9095-SAN,PixelForge Lens Spark R5,Cameras,Security Camera,PixelForge,"PixelForge Lens Spark R5 is a security camera from PixelForge featuring sensor: 1-inch 20 MP, video: 2.7K 60fps, battery: 2100 mAh. A balanced pick for its class.",24999,41499,39.8,91,24,true,true,3.8,4,0.52,Sand Beige,active
PROD-00037,ORB-CAM-2365-SIL,Orbitron Cam Pro 4K,Cameras,Mirrorless,Orbitron,"Orbitron Cam Pro 4K is a mirrorless from Orbitron featuring sensor: APS-C 26 MP, video: 4K 60fps, battery: 1700 mAh. Popular with students and professionals alike.",90499,106499,15.0,19,12,true,true,,0,0.74,Silver,active
PROD-00038,KIN-CAM-9484-MID,Kinetiq Action Air 4K,Cameras,Mirrorless,Kinetiq,"Kinetiq Action Air 4K is a mirrorless from Kinetiq featuring sensor: Full-frame 33 MP, video: 6K 30fps, battery: 2100 mAh. A balanced pick for its class.",149999,182999,18.0,54,24,true,true,,0,0.23,Midnight Blue,active
PROD-00039,HEL-CAM-7441-WHI,Helix Optic Max R7,Cameras,Vlogging Camera,Helix,"Helix Optic Max R7 is a vlogging camera from Helix featuring sensor: 1/2.3-inch 12 MP, video: 1080p 30fps, battery: 1700 mAh. Built for everyday reliability.",3399,3699,8.1,97,12,true,true,4.3,3,0.75,White,active
PROD-00040,HEL-CAM-4723-SAN,Helix Optic Spark R7,Cameras,Security Camera,Helix,"Helix Optic Spark R7 is a security camera from Helix featuring sensor: 1-inch 20 MP, video: 2.7K 60fps, battery: 1200 mAh. Backed by NovaMart-certified service.",41499,46999,11.7,41,12,true,true,4.5,2,0.26,Sand Beige,active
PROD-00041,PIX-CAM-5806-CHA,PixelForge Lens Flex R7,Cameras,Instant Camera,PixelForge,"PixelForge Lens Flex R7 is a instant camera from PixelForge featuring sensor: 1/2.3-inch 12 MP, video: 1080p 30fps, battery: 1200 mAh. Engineered for long-term use.",2999,3499,14.3,61,12,true,true,5.0,1,0.77,Charcoal,active
PROD-00042,PIX-CAM-1629-GRA,PixelForge Lens Pro Z6,Cameras,Mirrorless,PixelForge,"PixelForge Lens Pro Z6 is a mirrorless from PixelForge featuring sensor: 1-inch 20 MP, video: 2.7K 60fps, battery: 800 mAh. A balanced pick for its class.",36999,56999,35.1,32,12,true,true,3.0,1,0.43,Graphite,active
PROD-00043,HEL-CAM-6930-BLA,Helix Optic Pro Mini,Cameras,Security Camera,Helix,"Helix Optic Pro Mini is a security camera from Helix featuring sensor: 1-inch 20 MP, video: 2.7K 60fps, battery: 1200 mAh. Designed with Indian conditions in mind.",41499,55499,25.2,0,12,true,true,5.0,1,0.47,Black,out_of_stock
PROD-00044,ORB-CAM-3929-WHI,Orbitron Cam Flex R7,Cameras,Instant Camera,Orbitron,"Orbitron Cam Flex R7 is a instant camera from Orbitron featuring sensor: 1/2.3-inch 12 MP, video: 1080p 30fps, battery: 1700 mAh. Engineered for long-term use.",2999,3199,6.3,78,12,true,true,3.5,2,0.26,White,active
PROD-00045,ORB-CAM-5448-SAN,Orbitron Cam Max R7,Cameras,Vlogging Camera,Orbitron,"Orbitron Cam Max R7 is a vlogging camera from Orbitron featuring sensor: 1-inch 20 MP, video: 2.7K 60fps, battery: 1200 mAh. A balanced pick for its class.",21499,32999,34.8,196,24,true,false,,0,0.49,Sand Beige,active
PROD-00046,KIN-CAM-5772-CHA,Kinetiq Action Plus R7,Cameras,Security Camera,Kinetiq,"Kinetiq Action Plus R7 is a security camera from Kinetiq featuring sensor: 1/2.3-inch 12 MP, video: 1080p 30fps, battery: 2100 mAh. Popular with students and professionals alike.",2999,4999,40.0,107,12,true,true,,0,0.16,Charcoal,active
PROD-00047,ORB-CAM-5000-CHA,Orbitron Cam Air Mini,Cameras,Mirrorless,Orbitron,"Orbitron Cam Air Mini is a mirrorless from Orbitron featuring sensor: APS-C 26 MP, video: 4K 60fps, battery: 1700 mAh. Designed with Indian conditions in mind.",105499,114499,7.9,86,12,true,true,,0,0.33,Charcoal,active
PROD-00048,HEL-CAM-7758-OCE,Helix Optic Edge 4K,Cameras,Action Camera,Helix,"Helix Optic Edge 4K is a action camera from Helix featuring sensor: APS-C 24 MP, video: 4K 30fps, battery: 2100 mAh. Includes all in-box accessories listed on the spec sheet.",62999,78499,19.7,70,12,true,true,4.0,1,0.72,Ocean Blue,active
PROD-00049,AUR-EAR-5051-FOR,Auralix Buds One 3,Earbuds,Sports Earbuds,Auralix,"Auralix Buds One 3 is a sports earbuds from Auralix featuring driver: 11 mm, battery: 8 hours, noise cancellation: None. Backed by NovaMart-certified service.",729,859,15.1,0,12,true,true,,0,0.05,Forest Green,discontinued
PROD-00050,VOL-EAR-5286-ROS,Voltix Air Neo Lite,Earbuds,True Wireless,Voltix,"Voltix Air Neo Lite is a true wireless from Voltix featuring driver: 12 mm, battery: 8 hours, noise cancellation: None. Popular with students and professionals alike.",939,999,6.0,35,12,true,true,4.3,12,0.1,Rose Gold,active
PROD-00051,LUM-EAR-5360-BLA,Lumora Beats Air ANC,Earbuds,True Wireless,Lumora,"Lumora Beats Air ANC is a true wireless from Lumora featuring driver: 10 mm, battery: 20 hours, noise cancellation: Hybrid ANC. Engineered for long-term use.",6099,7599,19.7,50,12,false,false,4.8,13,0.1,Black,active
PROD-00052,VOL-EAR-4020-TIT,Voltix Air Spark Pro,Earbuds,Sports Earbuds,Voltix,"Voltix Air Spark Pro is a sports earbuds from Voltix featuring driver: 40 mm, battery: 20 hours, noise cancellation: Hybrid ANC. Includes all in-box accessories listed on the spec sheet.",5899,6599,10.6,5,6,false,false,3.9,41,0.06,Titanium,active
PROD-00053,LUM-EAR-6282-SAN,Lumora Beats Ultra Pro,Earbuds,ANC Earbuds,Lumora,"Lumora Beats Ultra Pro is a anc earbuds from Lumora featuring driver: 11 mm, battery: 20 hours, noise cancellation: Hybrid ANC. Built for everyday reliability.",5799,7699,24.7,85,6,true,true,3.8,11,0.1,Sand Beige,active
PROD-00054,SKY-EAR-3188-OCE,Skylark Buds Spark Lite,Earbuds,ANC Earbuds,Skylark,"Skylark Buds Spark Lite is a anc earbuds from Skylark featuring driver: 40 mm, battery: 30 hours, noise cancellation: Hybrid ANC. Designed with Indian conditions in mind.",7599,8399,9.5,6,6,true,true,3.6,10,0.05,Ocean Blue,active
PROD-00055,LUM-EAR-4595-BLA,Lumora Beats Flex Pro,Earbuds,True Wireless,Lumora,"Lumora Beats Flex Pro is a true wireless from Lumora featuring driver: 12 mm, battery: 60 hours, noise cancellation: Adaptive ANC. Popular with students and professionals alike.",15499,23999,35.4,3,12,false,true,3.9,16,0.04,Black,active
PROD-00056,LUM-EAR-5254-WHI,Lumora Beats Lite Lite,Earbuds,Sports Earbuds,Lumora,"Lumora Beats Lite Lite is a sports earbuds from Lumora featuring driver: 50 mm, battery: 12 hours, noise cancellation: Passive. Includes all in-box accessories listed on the spec sheet.",3599,4399,18.2,114,6,false,true,4.0,10,0.07,White,active
PROD-00057,SOU-EAR-3365-WHI,SoundNest Pods Spark Lite,Earbuds,ANC Earbuds,SoundNest,"SoundNest Pods Spark Lite is a anc earbuds from SoundNest featuring driver: 12 mm, battery: 12 hours, noise cancellation: Passive. A balanced pick for its class.",2499,3799,34.2,65,12,false,true,4.0,44,0.12,White,active
PROD-00058,SKY-EAR-2368-SIL,Skylark Buds Edge 3,Earbuds,ANC Earbuds,Skylark,"Skylark Buds Edge 3 is a anc earbuds from Skylark featuring driver: 50 mm, battery: 60 hours, noise cancellation: Adaptive ANC. Designed with Indian conditions in mind.",15499,16499,6.1,0,12,false,true,,0,0.05,Silver,discontinued
PROD-00059,SKY-EAR-1611-WHI,Skylark Buds Prime Pro,Earbuds,Wired Earphones,Skylark,"Skylark Buds Prime Pro is a wired earphones from Skylark featuring driver: 11 mm, battery: 8 hours, noise cancellation: None. A balanced pick for its class.",499,549,9.1,46,12,false,true,3.1,14,0.1,White,active
PROD-00060,SOU-EAR-7772-BLA,SoundNest Pods Plus Lite,Earbuds,Sports Earbuds,SoundNest,"SoundNest Pods Plus Lite is a sports earbuds from SoundNest featuring driver: 40 mm, battery: 40 hours, noise cancellation: Hybrid ANC. Engineered for long-term use.",9999,10999,9.1,69,12,false,true,3.4,7,0.05,Black,active
PROD-00061,LUM-EAR-2594-GRA,Lumora Beats Prime 1,Earbuds,True Wireless,Lumora,"Lumora Beats Prime 1 is a true wireless from Lumora featuring driver: 11 mm, battery: 20 hours, noise cancellation: Passive. A balanced pick for its class.",4299,4499,4.4,378,12,false,true,4.0,17,0.05,Graphite,active
PROD-00062,SOU-EAR-3220-WHI,SoundNest Pods Air 2,Earbuds,Wired Earphones,SoundNest,"SoundNest Pods Air 2 is a wired earphones from SoundNest featuring driver: 50 mm, battery: 8 hours, noise cancellation: None. Backed by NovaMart-certified service.",499,569,12.3,42,12,false,false,3.3,3,0.08,White,active
PROD-00063,LUM-EAR-3604-SIL,Lumora Beats Flex 2,Earbuds,Sports Earbuds,Lumora,"Lumora Beats Flex 2 is a sports earbuds from Lumora featuring driver: 13 mm, battery: 30 hours, noise cancellation: Hybrid ANC. Designed with Indian conditions in mind.",8299,10999,24.5,151,12,false,true,3.8,11,0.07,Silver,active
PROD-00064,LUM-EAR-4874-OCE,Lumora Beats Lite ANC,Earbuds,Wired Earphones,Lumora,"Lumora Beats Lite ANC is a wired earphones from Lumora featuring driver: 11 mm, battery: 12 hours, noise cancellation: None. Backed by NovaMart-certified service.",1899,2099,9.5,35,12,true,false,4.0,6,0.08,Ocean Blue,active
PROD-00065,LUM-EAR-8095-GRA,Lumora Beats Spark Pro,Earbuds,True Wireless,Lumora,"Lumora Beats Spark Pro is a true wireless from Lumora featuring driver: 50 mm, battery: 12 hours, noise cancellation: Passive. Built for everyday reliability.",3599,5999,40.0,16,12,false,true,4.2,6,0.11,Graphite,active
PROD-00066,LUM-EAR-6798-GRA,Lumora Beats Prime 3,Earbuds,ANC Earbuds,Lumora,"Lumora Beats Prime 3 is a anc earbuds from Lumora featuring driver: 11 mm, battery: 8 hours, noise cancellation: None. Built for everyday reliability.",959,1599,40.0,87,6,false,true,2.7,10,0.08,Graphite,active
PROD-00067,VOL-EAR-3091-FOR,Voltix Air Plus 3,Earbuds,True Wireless,Voltix,"Voltix Air Plus 3 is a true wireless from Voltix featuring driver: 50 mm, battery: 20 hours, noise cancellation: Hybrid ANC. A balanced pick for its class.",5399,6699,19.4,247,12,true,true,4.6,5,0.09,Forest Green,active
PROD-00068,VOL-EAR-4247-MID,Voltix Air Neo 2,Earbuds,ANC Earbuds,Voltix,"Voltix Air Neo 2 is a anc earbuds from Voltix featuring driver: 10 mm, battery: 60 hours, noise cancellation: Adaptive ANC. Designed with Indian conditions in mind.",13999,23499,40.4,69,6,false,true,3.3,12,0.03,Midnight Blue,active
PROD-00069,SOU-EAR-4763-ROS,SoundNest Pods Plus 2,Earbuds,True Wireless,SoundNest,"SoundNest Pods Plus 2 is a true wireless from SoundNest featuring driver: 10 mm, battery: 8 hours, noise cancellation: None. Popular with students and professionals alike.",1399,1899,26.3,131,12,true,true,4.0,29,0.04,Rose Gold,active
PROD-00070,AUR-EAR-2621-MID,Auralix Buds Air ANC,Earbuds,Wired Earphones,Auralix,"Auralix Buds Air ANC is a wired earphones from Auralix featuring driver: 11 mm, battery: 8 hours, noise cancellation: None. Engineered for long-term use.",499,659,24.3,0,12,true,true,3.9,11,0.06,Midnight Blue,out_of_stock
PROD-00071,AUR-EAR-3228-FOR,Auralix Buds Flex 3,Earbuds,Wired Earphones,Auralix,"Auralix Buds Flex 3 is a wired earphones from Auralix featuring driver: 11 mm, battery: 12 hours, noise cancellation: Passive. Built for everyday reliability.",3399,3999,15.0,32,12,false,true,3.4,5,0.06,Forest Green,active
PROD-00072,SKY-EAR-3274-CHA,Skylark Buds Pro ANC,Earbuds,ANC Earbuds,Skylark,"Skylark Buds Pro ANC is a anc earbuds from Skylark featuring driver: 12 mm, battery: 30 hours, noise cancellation: Hybrid ANC. Built for everyday reliability.",6799,8299,18.1,0,12,false,false,3.5,51,0.06,Charcoal,out_of_stock
PROD-00073,ORB-GAM-6414-GRA,Orbitron Gaming Lite S Mousepad XL,Gaming,Mousepad XL,Orbitron,"Orbitron Gaming Lite S Mousepad XL is a mousepad xl from Orbitron featuring platform: PC / Mobile, connectivity: USB wired, material: ABS plastic. Includes all in-box accessories listed on the spec sheet.",1099,1399,21.4,49,24,true,true,,0,1.83,Graphite,active
PROD-00074,ORB-GAM-2185-SPA,Orbitron Gaming Spark S VR Headset,Gaming,VR Headset,Orbitron,"Orbitron Gaming Spark S VR Headset is a vr headset from Orbitron featuring platform: PC / Console, connectivity: USB wired, material: Mesh / PU. Backed by NovaMart-certified service.",35499,47499,25.3,26,24,true,true,3.0,2,13.9,Space Grey,active
PROD-00075,BYT-GAM-6399-FOR,ByteCore Play Prime X Gaming Chair,Gaming,Gaming Chair,ByteCore,"ByteCore Play Prime X Gaming Chair is a gaming chair from ByteCore featuring platform: PC, connectivity: Bluetooth + wired, material: Mesh / PU. Designed with Indian conditions in mind.",63499,77499,18.1,26,12,true,true,3.0,1,5.33,Forest Green,active
PROD-00076,ARC-GAM-8489-SPA,Arcadia Pro S Gaming Console Accessory,Gaming,Gaming Console Accessory,Arcadia,"Arcadia Pro S Gaming Console Accessory is a gaming console accessory from Arcadia featuring platform: PC, connectivity: 2.4 GHz wireless, material: Metal frame. Designed with Indian conditions in mind.",17499,23499,25.5,83,12,true,false,2.5,2,7.63,Space Grey,active
PROD-00077,ORB-GAM-4560-SAN,Orbitron Gaming Prime Pro Capture Card,Gaming,Capture Card,Orbitron,"Orbitron Gaming Prime Pro Capture Card is a capture card from Orbitron featuring platform: PC / Console, connectivity: USB wired, material: Metal frame. Built for everyday reliability.",37999,39999,5.0,80,24,true,true,3.4,11,9.54,Sand Beige,active
PROD-00078,BYT-GAM-3105-GRA,ByteCore Play Prime X Gaming Console Accessory,Gaming,Gaming Console Accessory,ByteCore,"ByteCore Play Prime X Gaming Console Accessory is a gaming console accessory from ByteCore featuring platform: Console, connectivity: USB wired, material: ABS plastic. Designed with Indian conditions in mind.",1199,1499,20.0,52,12,true,true,4.0,2,14.41,Graphite,active
PROD-00079,ARC-GAM-9079-GRA,Arcadia Neo Elite Mousepad XL,Gaming,Mousepad XL,Arcadia,"Arcadia Neo Elite Mousepad XL is a mousepad xl from Arcadia featuring platform: PC / Mobile, connectivity: USB wired, material: Mesh / PU. Popular with students and professionals alike.",52499,74999,30.0,21,12,true,true,,0,5.1,Graphite,active
PROD-00080,ORB-GAM-9211-GRA,Orbitron Gaming Go Z1 Capture Card,Gaming,Capture Card,Orbitron,"Orbitron Gaming Go Z1 Capture Card is a capture card from Orbitron featuring platform: PC / Console, connectivity: 2.4 GHz wireless, material: Cloth surface. Designed with Indian conditions in mind.",4499,4999,10.0,21,12,true,true,3.1,26,14.09,Graphite,active
PROD-00081,ORB-GAM-5070-OCE,Orbitron Gaming Spark Pro VR Headset,Gaming,VR Headset,Orbitron,"Orbitron Gaming Spark Pro VR Headset is a vr headset from Orbitron featuring platform: PC, connectivity: Bluetooth + wired, material: Cloth surface. Backed by NovaMart-certified service.",19499,25999,25.0,40,12,true,true,4.0,3,6.04,Ocean Blue,active
PROD-00082,VOL-GAM-1383-OCE,Voltix Gaming Ultra Elite Controller,Gaming,Controller,Voltix,"Voltix Gaming Ultra Elite Controller is a controller from Voltix featuring platform: PC, connectivity: USB wired, material: Metal frame. Engineered for long-term use.",859,899,4.4,0,24,true,true,,0,11.54,Ocean Blue,out_of_stock
PROD-00083,BYT-GAM-4573-GRA,ByteCore Play Flex X Controller,Gaming,Controller,ByteCore,"ByteCore Play Flex X Controller is a controller from ByteCore featuring platform: Console, connectivity: 2.4 GHz wireless, material: ABS plastic. Built for everyday reliability.",39999,66499,39.9,329,24,true,false,4.0,1,14.94,Graphite,active
PROD-00084,ARC-GAM-5433-SAN,Arcadia Flex Pro Mousepad XL,Gaming,Mousepad XL,Arcadia,"Arcadia Flex Pro Mousepad XL is a mousepad xl from Arcadia featuring platform: PC / Console, connectivity: 2.4 GHz wireless, material: Mesh / PU. A balanced pick for its class.",18499,26499,30.2,11,12,true,true,3.7,3,8.43,Sand Beige,active
PROD-00085,BYT-GAM-7239-SPA,ByteCore Play Lite S Gaming Chair,Gaming,Gaming Chair,ByteCore,"ByteCore Play Lite S Gaming Chair is a gaming chair from ByteCore featuring platform: Console, connectivity: Bluetooth + wired, material: Mesh / PU. Includes all in-box accessories listed on the spec sheet.",64999,68499,5.1,271,12,true,true,3.0,1,16.23,Space Grey,active
PROD-00086,VOL-GAM-4774-ROS,Voltix Gaming Flex Pro Capture Card,Gaming,Capture Card,Voltix,"Voltix Gaming Flex Pro Capture Card is a capture card from Voltix featuring platform: Console, connectivity: Bluetooth + wired, material: Cloth surface. Popular with students and professionals alike.",56499,66499,15.0,26,24,true,true,4.0,3,10.7,Rose Gold,active
PROD-00087,ORB-GAM-9902-WHI,Orbitron Gaming Neo Pro Mousepad XL,Gaming,Mousepad XL,Orbitron,"Orbitron Gaming Neo Pro Mousepad XL is a mousepad xl from Orbitron featuring platform: PC / Mobile, connectivity: 2.4 GHz wireless, material: Metal frame. Built for everyday reliability.",7499,11499,34.8,126,12,true,true,3.9,11,1.71,White,active
PROD-00088,VOL-GAM-5359-SPA,Voltix Gaming Edge Elite Mousepad XL,Gaming,Mousepad XL,Voltix,"Voltix Gaming Edge Elite Mousepad XL is a mousepad xl from Voltix featuring platform: Console, connectivity: USB wired, material: Mesh / PU. Popular with students and professionals alike.",20999,25499,17.6,33,12,true,true,,0,13.52,Space Grey,active
PROD-00089,BYT-GAM-3066-SIL,ByteCore Play Air Pro VR Headset,Gaming,VR Headset,ByteCore,"ByteCore Play Air Pro VR Headset is a vr headset from ByteCore featuring platform: PC / Console, connectivity: Bluetooth + wired, material: Mesh / PU. Designed with Indian conditions in mind.",20499,29499,30.5,21,24,true,true,3.0,6,9.17,Silver,active
PROD-00090,VOL-GAM-6405-SIL,Voltix Gaming Neo Z1 Capture Card,Gaming,Capture Card,Voltix,"Voltix Gaming Neo Z1 Capture Card is a capture card from Voltix featuring platform: Console, connectivity: Bluetooth + wired, material: Cloth surface. Popular with students and professionals alike.",8199,10999,25.5,0,12,true,false,5.0,1,16.68,Silver,out_of_stock
PROD-00091,BYT-GAM-6647-GRA,ByteCore Play One Z1 Gaming Console Accessory,Gaming,Gaming Console Accessory,ByteCore,"ByteCore Play One Z1 Gaming Console Accessory is a gaming console accessory from ByteCore featuring platform: PC / Mobile, connectivity: Bluetooth + wired, material: ABS plastic. Includes all in-box accessories listed on the spec sheet.",899,979,8.2,65,24,true,true,3.0,1,11.09,Graphite,active
PROD-00092,ARC-GAM-3003-MID,Arcadia Plus Elite Controller,Gaming,Controller,Arcadia,"Arcadia Plus Elite Controller is a controller from Arcadia featuring platform: PC, connectivity: 2.4 GHz wireless, material: Mesh / PU. A balanced pick for its class.",799,1299,38.5,35,12,true,true,2.0,1,11.99,Midnight Blue,active
PROD-00093,BYT-GAM-3732-TIT,ByteCore Play Ultra Z1 Capture Card,Gaming,Capture Card,ByteCore,"ByteCore Play Ultra Z1 Capture Card is a capture card from ByteCore featuring platform: PC, connectivity: Bluetooth + wired, material: Mesh / PU. Built for everyday reliability.",52499,59499,11.8,18,24,true,true,3.5,2,0.17,Titanium,active
PROD-00094,BYT-GAM-3310-OCE,ByteCore Play Pro S Capture Card,Gaming,Capture Card,ByteCore,"ByteCore Play Pro S Capture Card is a capture card from ByteCore featuring platform: PC / Console, connectivity: 2.4 GHz wireless, material: ABS plastic. Built for everyday reliability.",37999,63499,40.2,64,12,true,false,3.2,4,0.75,Ocean Blue,active
PROD-00095,VOL-HEA-6858-FOR,Voltix Beat Air 700,Headphones,Over-ear ANC,Voltix,"Voltix Beat Air 700 is a over-ear anc from Voltix featuring driver: 10 mm, battery: 30 hours, noise cancellation: Hybrid ANC. Includes all in-box accessories listed on the spec sheet.",14999,21499,30.2,26,12,false,true,3.6,5,0.23,Forest Green,active
PROD-00096,SKY-HEA-7533-CHA,Skylark Audio Prime 100,Headphones,On-ear Wireless,Skylark,"Skylark Audio Prime 100 is a on-ear wireless from Skylark featuring driver: 10 mm, battery: 20 hours, noise cancellation: Passive. Engineered for long-term use.",8899,12499,28.8,6,12,true,true,3.8,6,0.41,Charcoal,active
PROD-00097,SKY-HEA-4993-CHA,Skylark Audio Pro 700,Headphones,On-ear Wireless,Skylark,"Skylark Audio Pro 700 is a on-ear wireless from Skylark featuring driver: 40 mm, battery: 8 hours, noise cancellation: None. Designed with Indian conditions in mind.",1299,1699,23.5,200,12,true,true,3.7,3,0.14,Charcoal,active
PROD-00098,SOU-HEA-8631-SAN,SoundNest Core X1,Headphones,Gaming Headset,SoundNest,"SoundNest Core X1 is a gaming headset from SoundNest featuring driver: 12 mm, battery: 40 hours, noise cancellation: Hybrid ANC. Includes all in-box accessories listed on the spec sheet.",20499,24999,18.0,239,12,false,true,4.0,5,0.26,Sand Beige,active
PROD-00099,AUR-HEA-9614-CHA,Auralix Prime 100,Headphones,Over-ear Wired,Auralix,"Auralix Prime 100 is a over-ear wired from Auralix featuring driver: 11 mm, battery: 8 hours, noise cancellation: None. Built for everyday reliability.",999,1099,9.1,295,6,true,true,4.0,22,0.34,Charcoal,active
PROD-00100,AUR-HEA-7019-SPA,Auralix Go X1,Headphones,Over-ear ANC,Auralix,"Auralix Go X1 is a over-ear anc from Auralix featuring driver: 50 mm, battery: 60 hours, noise cancellation: Adaptive ANC. Built for everyday reliability.",27499,39499,30.4,19,12,true,true,4.3,3,0.27,Space Grey,active
PROD-00101,VOL-HEA-8218-GRA,Voltix Beat Plus 300,Headphones,On-ear Wireless,Voltix,"Voltix Beat Plus 300 is a on-ear wireless from Voltix featuring driver: 40 mm, battery: 8 hours, noise cancellation: None. Popular with students and professionals alike.",3299,5099,35.3,40,12,true,true,4.1,21,0.25,Graphite,active
PROD-00102,VOL-HEA-5633-GRA,Voltix Beat Neo X1,Headphones,Neckband,Voltix,"Voltix Beat Neo X1 is a neckband from Voltix featuring driver: 13 mm, battery: 8 hours, noise cancellation: None. Built for everyday reliability.",1499,2499,40.0,111,6,true,true,3.7,14,0.3,Graphite,active
PROD-00103,AUR-HEA-3970-WHI,Auralix Edge 100,Headphones,Over-ear Wired,Auralix,"Auralix Edge 100 is a over-ear wired from Auralix featuring driver: 13 mm, battery: 30 hours, noise cancellation: Hybrid ANC. Popular with students and professionals alike.",14499,15999,9.4,17,6,true,true,4.0,5,0.24,White,active
PROD-00104,SOU-HEA-5668-GRA,SoundNest Ultra X1,Headphones,Over-ear ANC,SoundNest,"SoundNest Ultra X1 is a over-ear anc from SoundNest featuring driver: 13 mm, battery: 20 hours, noise cancellation: Hybrid ANC. Popular with students and professionals alike.",12499,14999,16.7,370,6,false,true,4.0,20,0.25,Graphite,active
PROD-00105,VOL-HEA-5208-ROS,Voltix Beat Prime 100,Headphones,Over-ear ANC,Voltix,"Voltix Beat Prime 100 is a over-ear anc from Voltix featuring driver: 13 mm, battery: 60 hours, noise cancellation: Adaptive ANC. Built for everyday reliability.",34999,42499,17.6,127,12,false,true,3.5,2,0.42,Rose Gold,active
PROD-00106,SOU-HEA-1528-SPA,SoundNest Air 300,Headphones,Over-ear Wired,SoundNest,"SoundNest Air 300 is a over-ear wired from SoundNest featuring driver: 40 mm, battery: 60 hours, noise cancellation: Adaptive ANC. A balanced pick for its class.",29499,30999,4.8,23,6,true,true,3.0,2,0.26,Space Grey,active
PROD-00107,AUR-HEA-4685-BLA,Auralix Spark 500,Headphones,Neckband,Auralix,"Auralix Spark 500 is a neckband from Auralix featuring driver: 10 mm, battery: 8 hours, noise cancellation: None. Includes all in-box accessories listed on the spec sheet.",1699,2099,19.1,125,12,false,true,4.0,2,0.44,Black,active
PROD-00108,VOL-HEA-7131-FOR,Voltix Beat Ultra 500,Headphones,Over-ear Wired,Voltix,"Voltix Beat Ultra 500 is a over-ear wired from Voltix featuring driver: 50 mm, battery: 12 hours, noise cancellation: Passive. Popular with students and professionals alike.",7999,8699,8.0,9,12,true,true,3.5,8,0.33,Forest Green,active
PROD-00109,VOL-HEA-6288-SIL,Voltix Beat Plus 100,Headphones,Gaming Headset,Voltix,"Voltix Beat Plus 100 is a gaming headset from Voltix featuring driver: 11 mm, battery: 8 hours, noise cancellation: None. A balanced pick for its class.",3299,3899,15.4,14,12,true,true,4.0,5,0.15,Silver,active
PROD-00110,AUR-HEA-7611-MID,Auralix Ultra X1,Headphones,Neckband,Auralix,"Auralix Ultra X1 is a neckband from Auralix featuring driver: 11 mm, battery: 60 hours, noise cancellation: Adaptive ANC. A balanced pick for its class.",31499,33999,7.4,43,12,true,true,3.7,7,0.33,Midnight Blue,active
PROD-00111,SKY-HEA-4864-SPA,Skylark Audio Air 500,Headphones,Over-ear Wired,Skylark,"Skylark Audio Air 500 is a over-ear wired from Skylark featuring driver: 11 mm, battery: 8 hours, noise cancellation: None. Designed with Indian conditions in mind.",999,1099,9.1,24,12,false,true,3.3,38,0.39,Space Grey,active
PROD-00112,AUR-HEA-1112-CHA,Auralix Max 700,Headphones,On-ear Wireless,Auralix,"Auralix Max 700 is a on-ear wireless from Auralix featuring driver: 40 mm, battery: 12 hours, noise cancellation: Passive. Designed with Indian conditions in mind.",5299,6599,19.7,86,12,true,true,3.5,6,0.32,Charcoal,active
PROD-00113,AUR-HEA-9403-SAN,Auralix Neo 700,Headphones,Over-ear Wired,Auralix,"Auralix Neo 700 is a over-ear wired from Auralix featuring driver: 11 mm, battery: 8 hours, noise cancellation: None. Built for everyday reliability.",3499,3999,12.5,19,12,true,true,3.5,2,0.28,Sand Beige,active
PROD-00114,SOU-HEA-9503-WHI,SoundNest Ultra 100,Headphones,Gaming Headset,SoundNest,"SoundNest Ultra 100 is a gaming headset from SoundNest featuring driver: 11 mm, battery: 8 hours, noise cancellation: None. Designed with Indian conditions in mind.",999,1099,9.1,128,12,true,true,4.6,29,0.44,White,active
PROD-00115,AUR-HEA-1435-TIT,Auralix Prime X1,Headphones,Over-ear Wired,Auralix,"Auralix Prime X1 is a over-ear wired from Auralix featuring driver: 11 mm, battery: 8 hours, noise cancellation: None. A balanced pick for its class.",1999,2199,9.1,12,6,true,true,4.4,11,0.32,Titanium,active
PROD-00116,VOL-HEA-7678-FOR,Voltix Beat One 700,Headphones,Over-ear Wired,Voltix,"Voltix Beat One 700 is a over-ear wired from Voltix featuring driver: 11 mm, battery: 60 hours, noise cancellation: Adaptive ANC. Popular with students and professionals alike.",30499,37999,19.7,115,12,true,true,4.3,13,0.28,Forest Green,active
PROD-00117,KIT-KEY-7608-TIT,KiteWorks Board One 60,Keyboards,Gaming Keyboard,KiteWorks,"KiteWorks Board One 60 is a gaming keyboard from KiteWorks featuring layout: 75%, switch: Tactile, connectivity: USB wired. Engineered for long-term use.",1899,2499,24.0,83,12,false,true,4.4,7,0.64,Titanium,active
PROD-00118,BYT-KEY-7625-MID,ByteCore Key Go K1,Keyboards,Compact 60%,ByteCore,"ByteCore Key Go K1 is a compact 60% from ByteCore featuring layout: 60%, switch: Membrane, connectivity: Bluetooth 5.1. Popular with students and professionals alike.",579,639,9.4,328,12,true,true,3.8,12,1.19,Midnight Blue,active
PROD-00119,BYT-KEY-3353-OCE,ByteCore Key Plus K1,Keyboards,Gaming Keyboard,ByteCore,"ByteCore Key Plus K1 is a gaming keyboard from ByteCore featuring layout: 75%, switch: Clicky, connectivity: 2.4 GHz + Bluetooth. Popular with students and professionals alike.",9899,10999,10.0,53,12,false,true,3.0,2,1.3,Ocean Blue,active
PROD-00120,BYT-KEY-6255-TIT,ByteCore Key Max K2,Keyboards,Wireless,ByteCore,"ByteCore Key Max K2 is a wireless from ByteCore featuring layout: Full-size, switch: Linear, connectivity: 2.4 GHz + Bluetooth. Built for everyday reliability.",6499,7599,14.5,54,24,false,false,4.0,27,0.93,Titanium,active
PROD-00121,BYT-KEY-4517-GRA,ByteCore Key Air K2,Keyboards,Mechanical,ByteCore,"ByteCore Key Air K2 is a mechanical from ByteCore featuring layout: Full-size, switch: Membrane, connectivity: USB wired. Popular with students and professionals alike.",4999,5599,10.7,74,24,true,true,2.9,12,0.6,Graphite,active
PROD-00122,KIT-KEY-8714-FOR,KiteWorks Board Go 75,Keyboards,Wireless,KiteWorks,"KiteWorks Board Go 75 is a wireless from KiteWorks featuring layout: Full-size, switch: Clicky, connectivity: 2.4 GHz + Bluetooth. Backed by NovaMart-certified service.",2499,2599,3.8,270,24,true,true,4.0,3,1.18,Forest Green,active
PROD-00123,VOL-KEY-3516-CHA,Voltix Type Prime 60,Keyboards,Gaming Keyboard,Voltix,"Voltix Type Prime 60 is a gaming keyboard from Voltix featuring layout: 75%, switch: Linear, connectivity: Bluetooth 5.1. Includes all in-box accessories listed on the spec sheet.",15999,17999,11.1,41,12,true,true,2.6,8,1.28,Charcoal,active
PROD-00124,KIT-KEY-9616-OCE,KiteWorks Board Edge K1,Keyboards,Compact 60%,KiteWorks,"KiteWorks Board Edge K1 is a compact 60% from KiteWorks featuring layout: 75%, switch: Tactile, connectivity: 2.4 GHz + Bluetooth. Popular with students and professionals alike.",1499,1599,6.3,36,12,true,false,4.2,9,1.19,Ocean Blue,active
PROD-00125,ARC-KEY-2001-WHI,Arcadia Keys Air 60,Keyboards,Compact 60%,Arcadia,"Arcadia Keys Air 60 is a compact 60% from Arcadia featuring layout: 75%, switch: Clicky, connectivity: USB wired. Engineered for long-term use.",499,619,19.4,9,24,true,true,3.1,8,1.03,White,active
PROD-00126,ARC-KEY-1881-WHI,Arcadia Keys Edge 87,Keyboards,Mechanical,Arcadia,"Arcadia Keys Edge 87 is a mechanical from Arcadia featuring layout: Full-size, switch: Membrane, connectivity: Bluetooth 5.1. Designed with Indian conditions in mind.",13999,17499,20.0,29,24,true,true,3.1,7,0.62,White,active
PROD-00127,VOL-KEY-2736-TIT,Voltix Type Spark K2,Keyboards,Mechanical,Voltix,"Voltix Type Spark K2 is a mechanical from Voltix featuring layout: Full-size, switch: Linear, connectivity: 2.4 GHz + Bluetooth. Backed by NovaMart-certified service.",3199,3599,11.1,33,12,true,true,3.0,117,1.25,Titanium,active
PROD-00128,ARC-KEY-6167-TIT,Arcadia Keys Neo K2,Keyboards,Compact 60%,Arcadia,"Arcadia Keys Neo K2 is a compact 60% from Arcadia featuring layout: 60%, switch: Clicky, connectivity: Bluetooth 5.1. Designed with Indian conditions in mind.",949,1399,32.2,241,24,true,true,4.0,6,0.62,Titanium,active
PROD-00129,KIT-KEY-1839-WHI,KiteWorks Board Edge 60,Keyboards,Compact 60%,KiteWorks,"KiteWorks Board Edge 60 is a compact 60% from KiteWorks featuring layout: 60%, switch: Linear, connectivity: Bluetooth 5.1. Popular with students and professionals alike.",15999,24499,34.7,0,24,true,true,,0,0.85,White,discontinued
PROD-00130,VOL-KEY-8002-OCE,Voltix Type Lite 87,Keyboards,Gaming Keyboard,Voltix,"Voltix Type Lite 87 is a gaming keyboard from Voltix featuring layout: 60%, switch: Membrane, connectivity: Bluetooth 5.1. Popular with students and professionals alike.",12499,20999,40.5,44,12,true,true,4.2,8,1.25,Ocean Blue,active
PROD-00131,VOL-KEY-7717-TIT,Voltix Type Core 87,Keyboards,Compact 60%,Voltix,"Voltix Type Core 87 is a compact 60% from Voltix featuring layout: 75%, switch: Tactile, connectivity: 2.4 GHz + Bluetooth. Engineered for long-term use.",5899,6199,4.8,28,12,true,true,4.7,11,0.97,Titanium,active
PROD-00132,VOL-KEY-4932-OCE,Voltix Type Plus 87,Keyboards,Office Membrane,Voltix,"Voltix Type Plus 87 is a office membrane from Voltix featuring layout: 60%, switch: Clicky, connectivity: Bluetooth 5.1. A balanced pick for its class.",649,929,30.1,55,12,true,true,3.7,46,1.19,Ocean Blue,active
PROD-00133,KIT-KEY-2599-WHI,KiteWorks Board Flex 104,Keyboards,Wireless,KiteWorks,"KiteWorks Board Flex 104 is a wireless from KiteWorks featuring layout: 75%, switch: Clicky, connectivity: 2.4 GHz + Bluetooth. Popular with students and professionals alike.",499,569,12.3,10,12,true,true,4.5,4,0.88,White,active
PROD-00134,VOL-KEY-1653-GRA,Voltix Type Max 104,Keyboards,Compact 60%,Voltix,"Voltix Type Max 104 is a compact 60% from Voltix featuring layout: 75%, switch: Linear, connectivity: USB wired. Includes all in-box accessories listed on the spec sheet.",15499,25999,40.4,56,24,true,true,2.7,3,0.55,Graphite,active
PROD-00135,ORB-LAP-7780-SAN,Orbitron Slate Air 16,Laptops,Creator Laptop,Orbitron,"Orbitron Slate Air 16 is a creator laptop from Orbitron featuring 32 GB ram, 1 TB SSD storage, processor: 14-core 4.5 GHz. Designed with Indian conditions in mind.",170499,212999,20.0,68,12,true,true,5.0,1,2.41,Sand Beige,active
PROD-00136,NOV-LAP-7279-OCE,NovaBook Prime 17,Laptops,Ultrabook,NovaTech,"NovaBook Prime 17 is a ultrabook from NovaTech featuring 16 GB ram, 512 GB SSD storage, processor: 6-core 3.0 GHz. Includes all in-box accessories listed on the spec sheet.",68499,91499,25.1,0,24,true,true,5.0,2,2.39,Ocean Blue,out_of_stock
PROD-00137,BYT-LAP-9166-SIL,ByteCore Forge Spark 17,Laptops,Gaming Laptop,ByteCore,"ByteCore Forge Spark 17 is a gaming laptop from ByteCore featuring 16 GB ram, 512 GB SSD storage, processor: 8-core 3.4 GHz. Engineered for long-term use.",93999,114499,17.9,38,24,true,true,4.0,1,1.88,Silver,active
PROD-00138,PIX-LAP-1460-MID,PixelForge Studio One 15,Laptops,Gaming Laptop,PixelForge,"PixelForge Studio One 15 is a gaming laptop from PixelForge featuring 32 GB ram, 1 TB SSD storage, processor: 10-core 3.8 GHz. Engineered for long-term use.",143999,156499,8.0,19,12,true,true,3.7,3,1.74,Midnight Blue,active
PROD-00139,VOL-LAP-2233-GRA,Voltix Strike Pro 14,Laptops,Ultrabook,Voltix,"Voltix Strike Pro 14 is a ultrabook from Voltix featuring 16 GB ram, 1 TB SSD storage, processor: 8-core 3.4 GHz. Backed by NovaMart-certified service.",101999,113499,10.1,0,24,true,true,,0,1.99,Graphite,discontinued
PROD-00140,BYT-LAP-4197-CHA,ByteCore Forge Spark 16,Laptops,Student Laptop,ByteCore,"ByteCore Forge Spark 16 is a student laptop from ByteCore featuring 8 GB ram, 256 GB SSD storage, processor: Quad-core 2.4 GHz. Engineered for long-term use.",35499,44499,20.2,97,12,true,true,,0,1.7,Charcoal,active
PROD-00141,ORB-LAP-4148-CHA,Orbitron Slate Air 14,Laptops,Creator Laptop,Orbitron,"Orbitron Slate Air 14 is a creator laptop from Orbitron featuring 32 GB ram, 1 TB SSD storage, processor: 10-core 3.8 GHz. A balanced pick for its class.",162499,202999,20.0,0,12,true,true,,0,1.16,Charcoal,discontinued
PROD-00142,BYT-LAP-3580-GRA,ByteCore Forge One 14,Laptops,Ultrabook,ByteCore,"ByteCore Forge One 14 is a ultrabook from ByteCore featuring 64 GB ram, 2 TB SSD storage, processor: 14-core 4.5 GHz. A balanced pick for its class.",174999,268999,34.9,8,12,true,true,3.9,7,2.1,Graphite,active
PROD-00143,NOV-LAP-6169-SPA,NovaBook Core 15,Laptops,Gaming Laptop,NovaTech,"NovaBook Core 15 is a gaming laptop from NovaTech featuring 16 GB ram, 512 GB SSD storage, processor: 8-core 3.4 GHz. Backed by NovaMart-certified service.",87499,145999,40.1,20,12,true,true,,0,1.55,Space Grey,active
PROD-00144,BYT-LAP-8911-SAN,ByteCore Forge Plus 15,Laptops,Student Laptop,ByteCore,"ByteCore Forge Plus 15 is a student laptop from ByteCore featuring 8 GB ram, 256 GB SSD storage, processor: Quad-core 2.4 GHz. Designed with Indian conditions in mind.",33999,42499,20.0,7,24,true,true,4.7,3,2.47,Sand Beige,active
PROD-00145,BYT-LAP-1953-WHI,ByteCore Forge Flex 17,Laptops,Ultrabook,ByteCore,"ByteCore Forge Flex 17 is a ultrabook from ByteCore featuring 16 GB ram, 1 TB SSD storage, processor: 10-core 3.8 GHz. A balanced pick for its class.",120499,133999,10.1,44,12,true,true,,0,2.03,White,active
PROD-00146,PIX-LAP-3815-GRA,PixelForge Studio Flex 16,Laptops,Student Laptop,PixelForge,"PixelForge Studio Flex 16 is a student laptop from PixelForge featuring 8 GB ram, 512 GB SSD storage, processor: Quad-core 2.4 GHz. Popular with students and professionals alike.",46499,56499,17.7,52,12,true,true,,0,1.11,Graphite,active
PROD-00147,VOL-LAP-8855-SAN,Voltix Strike Go 15,Laptops,Student Laptop,Voltix,"Voltix Strike Go 15 is a student laptop from Voltix featuring 8 GB ram, 256 GB SSD storage, processor: Quad-core 2.4 GHz. A balanced pick for its class.",27999,37499,25.3,117,12,true,true,3.7,3,2.5,Sand Beige,active
PROD-00148,BYT-LAP-3307-SAN,ByteCore Forge Prime 14,Laptops,Student Laptop,ByteCore,"ByteCore Forge Prime 14 is a student laptop from ByteCore featuring 16 GB ram, 512 GB SSD storage, processor: 6-core 3.0 GHz. Backed by NovaMart-certified service.",75999,82499,7.9,81,12,true,true,4.0,2,2.15,Sand Beige,active
PROD-00149,VOL-LAP-9821-SIL,Voltix Strike Edge 13,Laptops,Business Laptop,Voltix,"Voltix Strike Edge 13 is a business laptop from Voltix featuring 8 GB ram, 256 GB SSD storage, processor: Quad-core 2.4 GHz. Includes all in-box accessories listed on the spec sheet.",27999,39999,30.0,6,12,true,true,4.0,2,1.82,Silver,active
PROD-00150,PIX-LAP-3533-MID,PixelForge Studio Air 15,Laptops,Student Laptop,PixelForge,"PixelForge Studio Air 15 is a student laptop from PixelForge featuring 16 GB ram, 1 TB SSD storage, processor: 8-core 3.4 GHz. A balanced pick for its class.",100499,125499,19.9,14,24,true,true,,0,2.48,Midnight Blue,active
PROD-00151,PIX-LAP-8853-TIT,PixelForge Studio Plus 14,Laptops,Ultrabook,PixelForge,"PixelForge Studio Plus 14 is a ultrabook from PixelForge featuring 8 GB ram, 256 GB SSD storage, processor: Quad-core 2.4 GHz. Built for everyday reliability.",27999,31999,12.5,20,24,true,true,2.5,6,2.36,Titanium,active
PROD-00152,ZEN-LAP-2857-SIL,Zenova Aero Max 13,Laptops,Creator Laptop,Zenova,"Zenova Aero Max 13 is a creator laptop from Zenova featuring 64 GB ram, 2 TB SSD storage, processor: 14-core 4.5 GHz. A balanced pick for its class.",214999,330999,35.0,6,24,true,true,3.8,5,2.46,Silver,active
PROD-00153,NOV-LAP-2400-WHI,NovaBook Neo 14,Laptops,Student Laptop,NovaTech,"NovaBook Neo 14 is a student laptop from NovaTech featuring 8 GB ram, 256 GB SSD storage, processor: Quad-core 2.4 GHz. Engineered for long-term use.",28499,34999,18.6,169,24,true,true,,0,1.92,White,active
PROD-00154,ZEN-LAP-9116-BLA,Zenova Aero Ultra 16,Laptops,Business Laptop,Zenova,"Zenova Aero Ultra 16 is a business laptop from Zenova featuring 8 GB ram, 256 GB SSD storage, processor: Quad-core 2.4 GHz. A balanced pick for its class.",39999,56999,29.8,24,12,true,true,3.5,4,2.29,Black,active
PROD-00155,PIX-LAP-7019-ROS,PixelForge Studio Prime 17,Laptops,Business Laptop,PixelForge,"PixelForge Studio Prime 17 is a business laptop from PixelForge featuring 32 GB ram, 1 TB SSD storage, processor: 10-core 3.8 GHz. Built for everyday reliability.",156499,183999,14.9,38,12,true,true,4.7,3,1.4,Rose Gold,active
PROD-00156,ZEN-LAP-5373-WHI,Zenova Aero Spark 17,Laptops,Creator Laptop,Zenova,"Zenova Aero Spark 17 is a creator laptop from Zenova featuring 16 GB ram, 512 GB SSD storage, processor: 6-core 3.0 GHz. Designed with Indian conditions in mind.",77499,81499,4.9,62,24,true,true,3.0,2,1.21,White,active
PROD-00157,VOL-LAP-5775-TIT,Voltix Strike Air 16,Laptops,Creator Laptop,Voltix,"Voltix Strike Air 16 is a creator laptop from Voltix featuring 64 GB ram, 2 TB SSD storage, processor: 14-core 4.5 GHz. Popular with students and professionals alike.",174499,232499,24.9,65,24,true,true,,0,2.19,Titanium,active
PROD-00158,ORB-LAP-3433-SPA,Orbitron Slate Pro 15,Laptops,Creator Laptop,Orbitron,"Orbitron Slate Pro 15 is a creator laptop from Orbitron featuring 16 GB ram, 1 TB SSD storage, processor: 8-core 3.4 GHz. Includes all in-box accessories listed on the spec sheet.",101999,135999,25.0,8,24,true,true,3.6,7,1.13,Space Grey,active
PROD-00159,ARC-MIC-6736-CHA,Arcadia Strike Max Z,Mice,Gaming Mouse,Arcadia,"Arcadia Strike Max Z is a gaming mouse from Arcadia featuring sensor: 3200 DPI optical, connectivity: USB wired, buttons: 3. Backed by NovaMart-certified service.",1999,2399,16.7,42,24,true,true,4.7,21,0.17,Charcoal,active
PROD-00160,BYT-MIC-4189-BLA,ByteCore Glide Core M5,Mice,Travel Mouse,ByteCore,"ByteCore Glide Core M5 is a travel mouse from ByteCore featuring sensor: 8000 DPI optical, connectivity: 2.4 GHz wireless, buttons: 3. Engineered for long-term use.",3199,3499,8.6,0,12,true,true,,0,0.16,Black,discontinued
PROD-00161,VOL-MIC-4358-WHI,Voltix Click Edge X,Mice,Ergonomic Mouse,Voltix,"Voltix Click Edge X is a ergonomic mouse from Voltix featuring sensor: 26000 DPI optical, connectivity: 2.4 GHz wireless, buttons: 5. Backed by NovaMart-certified service.",6899,11499,40.0,3,12,true,true,4.5,107,0.07,White,active
PROD-00162,VOL-MIC-2899-WHI,Voltix Click Pro X,Mice,Gaming Mouse,Voltix,"Voltix Click Pro X is a gaming mouse from Voltix featuring sensor: 26000 DPI optical, connectivity: USB wired, buttons: 6. Backed by NovaMart-certified service.",7499,9399,20.2,0,12,true,true,,0,0.14,White,discontinued
PROD-00163,VOL-MIC-3764-BLA,Voltix Click Lite G3,Mice,Gaming Mouse,Voltix,"Voltix Click Lite G3 is a gaming mouse from Voltix featuring sensor: 1000 DPI optical, connectivity: USB wired, buttons: 5. Built for everyday reliability.",469,529,11.3,65,24,true,true,3.6,9,0.07,Black,active
PROD-00164,VOL-MIC-6104-OCE,Voltix Click Lite X,Mice,Ergonomic Mouse,Voltix,"Voltix Click Lite X is a ergonomic mouse from Voltix featuring sensor: 12000 DPI optical, connectivity: USB wired, buttons: 6. Popular with students and professionals alike.",5599,7499,25.3,105,24,true,true,4.6,7,0.05,Ocean Blue,active
PROD-00165,VOL-MIC-6570-CHA,Voltix Click Spark X,Mice,Travel Mouse,Voltix,"Voltix Click Spark X is a travel mouse from Voltix featuring sensor: 8000 DPI optical, connectivity: 2.4 GHz wireless, buttons: 6. A balanced pick for its class.",3899,4799,18.8,62,24,true,true,4.2,9,0.07,Charcoal,active
PROD-00166,VOL-MIC-7210-FOR,Voltix Click Neo X,Mice,Travel Mouse,Voltix,"Voltix Click Neo X is a travel mouse from Voltix featuring sensor: 12000 DPI optical, connectivity: Bluetooth 5.0, buttons: 7. Built for everyday reliability.",6199,9499,34.7,8,12,true,true,4.3,7,0.14,Forest Green,active
PROD-00167,ARC-MIC-1858-SAN,Arcadia Strike Flex Z,Mice,Wireless Mouse,Arcadia,"Arcadia Strike Flex Z is a wireless mouse from Arcadia featuring sensor: 8000 DPI optical, connectivity: Bluetooth 5.0, buttons: 3. Popular with students and professionals alike.",2699,2799,3.6,17,24,true,true,4.5,4,0.13,Sand Beige,active
PROD-00168,ARC-MIC-6196-SPA,Arcadia Strike Spark G3,Mice,Travel Mouse,Arcadia,"Arcadia Strike Spark G3 is a travel mouse from Arcadia featuring sensor: 1000 DPI optical, connectivity: Bluetooth 5.0, buttons: 5. Engineered for long-term use.",709,799,11.3,36,12,true,true,3.7,55,0.16,Space Grey,active
PROD-00169,VOL-MIC-7501-TIT,Voltix Click Prime G3,Mice,Gaming Mouse,Voltix,"Voltix Click Prime G3 is a gaming mouse from Voltix featuring sensor: 8000 DPI optical, connectivity: Bluetooth 5.0, buttons: 5. Backed by NovaMart-certified service.",2799,3399,17.7,42,12,true,true,4.1,18,0.16,Titanium,active
PROD-00170,ARC-MIC-7443-OCE,Arcadia Strike Pro X,Mice,Gaming Mouse,Arcadia,"Arcadia Strike Pro X is a gaming mouse from Arcadia featuring sensor: 8000 DPI optical, connectivity: 2.4 GHz wireless, buttons: 7. Built for everyday reliability.",3199,4599,30.4,52,12,false,true,3.4,7,0.16,Ocean Blue,active
PROD-00171,VOL-MIC-4400-SPA,Voltix Click Air Z,Mice,Wireless Mouse,Voltix,"Voltix Click Air Z is a wireless mouse from Voltix featuring sensor: 12000 DPI optical, connectivity: 2.4 GHz wireless, buttons: 3. Engineered for long-term use.",6699,7599,11.8,6,12,false,true,2.6,14,0.07,Space Grey,active
PROD-00172,BYT-MIC-7379-GRA,ByteCore Glide Spark Z,Mice,Travel Mouse,ByteCore,"ByteCore Glide Spark Z is a travel mouse from ByteCore featuring sensor: 1000 DPI optical, connectivity: Bluetooth 5.0, buttons: 3. A balanced pick for its class.",1099,1299,15.4,62,24,true,true,4.0,3,0.14,Graphite,active
PROD-00173,BYT-MIC-5305-ROS,ByteCore Glide Ultra X,Mice,Travel Mouse,ByteCore,"ByteCore Glide Ultra X is a travel mouse from ByteCore featuring sensor: 8000 DPI optical, connectivity: Bluetooth 5.0, buttons: 5. Engineered for long-term use.",4199,4699,10.6,0,12,true,false,,0,0.07,Rose Gold,discontinued
PROD-00174,BYT-MIC-6187-OCE,ByteCore Glide Spark M5,Mice,Gaming Mouse,ByteCore,"ByteCore Glide Spark M5 is a gaming mouse from ByteCore featuring sensor: 26000 DPI optical, connectivity: USB wired, buttons: 3. Engineered for long-term use.",7699,9599,19.8,35,12,true,true,4.5,179,0.09,Ocean Blue,active
PROD-00175,ARC-MIC-1742-CHA,Arcadia Strike Go M5,Mice,Travel Mouse,Arcadia,"Arcadia Strike Go M5 is a travel mouse from Arcadia featuring sensor: 1000 DPI optical, connectivity: USB wired, buttons: 5. Includes all in-box accessories listed on the spec sheet.",759,1199,36.7,20,24,true,true,2.8,5,0.05,Charcoal,active
PROD-00176,BYT-MIC-8292-TIT,ByteCore Glide Edge M2,Mice,Gaming Mouse,ByteCore,"ByteCore Glide Edge M2 is a gaming mouse from ByteCore featuring sensor: 26000 DPI optical, connectivity: USB wired, buttons: 5. Engineered for long-term use.",7099,8099,12.3,30,24,true,true,4.3,23,0.11,Titanium,active
PROD-00177,ORB-MON-6390-FOR,Orbitron Display Pro 22,Monitors,4K Monitor,Orbitron,"Orbitron Display Pro 22 is a 4k monitor from Orbitron featuring size: 24-inch, resolution: FHD, refresh rate: 100 Hz. Backed by NovaMart-certified service.",26999,32999,18.2,34,36,true,true,4.0,1,4.17,Forest Green,active
PROD-00178,ZEN-MON-7611-SAN,Zenova Frame Core 22,Monitors,Office Monitor,Zenova,"Zenova Frame Core 22 is a office monitor from Zenova featuring size: 24-inch, resolution: QHD, refresh rate: 144 Hz. Includes all in-box accessories listed on the spec sheet.",50999,63499,19.7,147,36,true,true,2.5,2,3.82,Sand Beige,active
PROD-00179,ZEN-MON-3936-SIL,Zenova Frame Spark 22,Monitors,Ultrawide,Zenova,"Zenova Frame Spark 22 is a ultrawide from Zenova featuring size: 24-inch, resolution: FHD, refresh rate: 75 Hz. Built for everyday reliability.",24499,40999,40.2,18,24,true,false,4.0,1,7.27,Silver,active
PROD-00180,BYT-MON-3441-BLA,ByteCore Vision Spark 24,Monitors,Gaming Monitor,ByteCore,"ByteCore Vision Spark 24 is a gaming monitor from ByteCore featuring size: 24-inch, resolution: FHD, refresh rate: 60 Hz. A balanced pick for its class.",6499,7899,17.7,59,24,true,true,5.0,3,7.36,Black,active
PROD-00181,BYT-MON-4694-SIL,ByteCore Vision Air 22,Monitors,Ultrawide,ByteCore,"ByteCore Vision Air 22 is a ultrawide from ByteCore featuring size: 34-inch, resolution: 4K UHD, refresh rate: 240 Hz. Designed with Indian conditions in mind.",92999,113499,18.1,32,36,true,false,,0,9.03,Silver,active
PROD-00182,ORB-MON-5640-BLA,Orbitron Display Edge 27,Monitors,Gaming Monitor,Orbitron,"Orbitron Display Edge 27 is a gaming monitor from Orbitron featuring size: 27-inch, resolution: QHD, refresh rate: 165 Hz. Designed with Indian conditions in mind.",56999,81499,30.1,0,36,true,true,3.7,3,5.61,Black,out_of_stock
PROD-00183,ZEN-MON-1664-FOR,Zenova Frame Ultra 22,Monitors,4K Monitor,Zenova,"Zenova Frame Ultra 22 is a 4k monitor from Zenova featuring size: 27-inch, resolution: QHD, refresh rate: 100 Hz. Engineered for long-term use.",30499,33999,10.3,42,36,true,true,4.2,4,7.58,Forest Green,active
PROD-00184,BYT-MON-6435-GRA,ByteCore Vision Spark 27,Monitors,Office Monitor,ByteCore,"ByteCore Vision Spark 27 is a office monitor from ByteCore featuring size: 22-inch, resolution: QHD, refresh rate: 144 Hz. Backed by NovaMart-certified service.",53499,60999,12.3,51,36,true,true,4.0,2,4.18,Graphite,active
PROD-00185,BYT-MON-5722-WHI,ByteCore Vision Ultra 27,Monitors,Gaming Monitor,ByteCore,"ByteCore Vision Ultra 27 is a gaming monitor from ByteCore featuring size: 27-inch, resolution: FHD, refresh rate: 60 Hz. Engineered for long-term use.",6799,7599,10.5,83,36,true,true,3.4,5,8.05,White,active
PROD-00186,ZEN-MON-5124-WHI,Zenova Frame Ultra 32,Monitors,4K Monitor,Zenova,"Zenova Frame Ultra 32 is a 4k monitor from Zenova featuring size: 27-inch, resolution: QHD, refresh rate: 100 Hz. A balanced pick for its class.",30999,34999,11.4,42,24,true,true,3.0,2,5.46,White,active
PROD-00187,ORB-MON-4051-BLA,Orbitron Display Neo 32,Monitors,Portable Monitor,Orbitron,"Orbitron Display Neo 32 is a portable monitor from Orbitron featuring size: 27-inch, resolution: FHD, refresh rate: 60 Hz. Backed by NovaMart-certified service.",7099,8399,15.5,68,36,true,true,5.0,2,5.81,Black,active
PROD-00188,ZEN-MON-2080-MID,Zenova Frame Spark 24,Monitors,Ultrawide,Zenova,"Zenova Frame Spark 24 is a ultrawide from Zenova featuring size: 34-inch, resolution: 4K UHD, refresh rate: 240 Hz. Engineered for long-term use.",74999,93499,19.8,8,36,true,true,4.3,3,8.88,Midnight Blue,active
PROD-00189,BYT-MON-7317-SIL,ByteCore Vision Pro 24,Monitors,Office Monitor,ByteCore,"ByteCore Vision Pro 24 is a office monitor from ByteCore featuring size: 34-inch, resolution: 4K UHD, refresh rate: 240 Hz. Backed by NovaMart-certified service.",86999,105999,17.9,31,36,true,false,3.5,2,5.44,Silver,active
PROD-00190,ZEN-MON-2900-BLA,Zenova Frame One 32,Monitors,Office Monitor,Zenova,"Zenova Frame One 32 is a office monitor from Zenova featuring size: 22-inch, resolution: FHD, refresh rate: 60 Hz. Backed by NovaMart-certified service.",11499,15499,25.8,9,36,true,true,,0,5.56,Black,active
PROD-00191,ORB-MON-4557-CHA,Orbitron Display Go 22,Monitors,Ultrawide,Orbitron,"Orbitron Display Go 22 is a ultrawide from Orbitron featuring size: 24-inch, resolution: QHD, refresh rate: 144 Hz. Backed by NovaMart-certified service.",39999,45499,12.1,22,36,true,true,4.0,1,8.54,Charcoal,active
PROD-00192,PIX-MON-9579-OCE,PixelForge View Spark 27,Monitors,Office Monitor,PixelForge,"PixelForge View Spark 27 is a office monitor from PixelForge featuring size: 34-inch, resolution: QHD, refresh rate: 144 Hz. A balanced pick for its class.",43499,45999,5.4,0,36,true,true,,0,7.03,Ocean Blue,out_of_stock
PROD-00193,BYT-MON-6134-FOR,ByteCore Vision Prime 34,Monitors,4K Monitor,ByteCore,"ByteCore Vision Prime 34 is a 4k monitor from ByteCore featuring size: 34-inch, resolution: QHD, refresh rate: 100 Hz. A balanced pick for its class.",38999,45999,15.2,12,36,true,true,4.5,2,7.15,Forest Green,active
PROD-00194,ZEN-MON-3771-WHI,Zenova Frame Core 24,Monitors,Portable Monitor,Zenova,"Zenova Frame Core 24 is a portable monitor from Zenova featuring size: 27-inch, resolution: FHD, refresh rate: 75 Hz. Popular with students and professionals alike.",15999,19999,20.0,78,36,true,true,3.0,1,8.6,White,active
PROD-00195,QUA-NET-2196-SAN,Quantix Net Lite 8P WiFi Router,Networking,WiFi Router,Quantix,"Quantix Net Lite 8P WiFi Router is a wifi router from Quantix featuring standard: WiFi 5 (AC1200), ports: 16x Gigabit LAN, coverage: Up to 1200 sq ft. A balanced pick for its class.",1099,1399,21.4,66,36,true,true,3.3,3,0.98,Sand Beige,active
PROD-00196,HEL-NET-4053-SAN,Helix Link Prime N300 WiFi Router,Networking,WiFi Router,Helix,"Helix Link Prime N300 WiFi Router is a wifi router from Helix featuring standard: WiFi 6 (AX3000), ports: 16x Gigabit LAN, coverage: Up to 1200 sq ft. A balanced pick for its class.",18999,20499,7.3,6,36,true,true,4.3,3,0.49,Sand Beige,active
PROD-00197,TER-NET-5248-SPA,TerraByte Net Ultra 8P USB WiFi Adapter,Networking,USB WiFi Adapter,TerraByte,"TerraByte Net Ultra 8P USB WiFi Adapter is a usb wifi adapter from TerraByte featuring standard: WiFi 5 (AC1200), ports: 16x Gigabit LAN, coverage: Up to 1200 sq ft. Engineered for long-term use.",6699,8399,20.2,42,36,true,false,3.0,8,1.26,Space Grey,active
PROD-00198,TER-NET-1335-MID,TerraByte Net Plus AC1200 Range Extender,Networking,Range Extender,TerraByte,"TerraByte Net Plus AC1200 Range Extender is a range extender from TerraByte featuring standard: WiFi 5 (AC1200), ports: 4x Gigabit LAN, 1x WAN, coverage: Up to 2000 sq ft. Popular with students and professionals alike.",719,839,14.3,32,36,true,true,3.0,3,0.31,Midnight Blue,active
PROD-00199,NET-NET-5701-GRA,NetWeave Prime AX1800 Network Switch,Networking,Network Switch,NetWeave,"NetWeave Prime AX1800 Network Switch is a network switch from NetWeave featuring standard: WiFi 5 (AC1200), ports: 8x Gigabit LAN, coverage: Up to 2000 sq ft. A balanced pick for its class.",1099,1799,38.9,16,36,true,false,4.0,3,0.81,Graphite,active
PROD-00200,NET-NET-1131-ROS,NetWeave Flex 8P USB WiFi Adapter,Networking,USB WiFi Adapter,NetWeave,"NetWeave Flex 8P USB WiFi Adapter is a usb wifi adapter from NetWeave featuring standard: WiFi 6E, ports: 4x Gigabit LAN, 1x WAN, coverage: Up to 2000 sq ft. Backed by NovaMart-certified service.",26499,27999,5.4,39,36,true,true,,0,1.22,Rose Gold,active
PROD-00201,TER-NET-1029-TIT,TerraByte Net Prime AX1800 WiFi Router,Networking,WiFi Router,TerraByte,"TerraByte Net Prime AX1800 WiFi Router is a wifi router from TerraByte featuring standard: WiFi 6 (AX3000), ports: 4x Gigabit LAN, 1x WAN, coverage: Up to 4000 sq ft (mesh). Built for everyday reliability.",16499,25499,35.3,28,36,true,true,4.0,1,0.49,Titanium,active
PROD-00202,HEL-NET-1138-TIT,Helix Link Air 16P Powerline Kit,Networking,Powerline Kit,Helix,"Helix Link Air 16P Powerline Kit is a powerline kit from Helix featuring standard: WiFi 5 (AC1200), ports: 8x Gigabit LAN, coverage: Up to 4000 sq ft (mesh). A balanced pick for its class.",6999,11499,39.1,35,24,true,true,,0,0.39,Titanium,active
PROD-00203,HEL-NET-1321-BLA,Helix Link Core 16P Mesh System,Networking,Mesh System,Helix,"Helix Link Core 16P Mesh System is a mesh system from Helix featuring standard: WiFi 6E, ports: 16x Gigabit LAN, coverage: Up to 1200 sq ft. Popular with students and professionals alike.",24999,35499,29.6,73,36,true,true,3.0,5,0.2,Black,active
PROD-00204,QUA-NET-4505-GRA,Quantix Net Edge AC1200 Network Switch,Networking,Network Switch,Quantix,"Quantix Net Edge AC1200 Network Switch is a network switch from Quantix featuring standard: WiFi 6E, ports: 1x Gigabit LAN, coverage: Up to 4000 sq ft (mesh). A balanced pick for its class.",27499,33499,17.9,13,36,true,true,4.0,7,1.13,Graphite,active
PROD-00205,HEL-NET-4840-ROS,Helix Link Plus AC1200 Mesh System,Networking,Mesh System,Helix,"Helix Link Plus AC1200 Mesh System is a mesh system from Helix featuring standard: WiFi 6E, ports: 16x Gigabit LAN, coverage: Up to 2000 sq ft. Built for everyday reliability.",28999,35999,19.4,232,24,true,true,4.0,2,0.7,Rose Gold,active
PROD-00206,HEL-NET-1438-SAN,Helix Link Prime 8P Range Extender,Networking,Range Extender,Helix,"Helix Link Prime 8P Range Extender is a range extender from Helix featuring standard: WiFi 6E, ports: 8x Gigabit LAN, coverage: Up to 1200 sq ft. Includes all in-box accessories listed on the spec sheet.",26499,28999,8.6,71,36,true,false,4.0,2,0.77,Sand Beige,active
PROD-00207,TER-NET-2189-SIL,TerraByte Net Lite 8P Range Extender,Networking,Range Extender,TerraByte,"TerraByte Net Lite 8P Range Extender is a range extender from TerraByte featuring standard: WiFi 6E, ports: 8x Gigabit LAN, coverage: Up to 2000 sq ft. Includes all in-box accessories listed on the spec sheet.",25999,34499,24.6,0,36,true,true,,0,1.41,Silver,discontinued
PROD-00208,QUA-NET-1141-WHI,Quantix Net Flex N300 WiFi Router,Networking,WiFi Router,Quantix,"Quantix Net Flex N300 WiFi Router is a wifi router from Quantix featuring standard: WiFi 6E, ports: 1x Gigabit LAN, coverage: Up to 2000 sq ft. Designed with Indian conditions in mind.",26999,32999,18.2,62,36,true,true,4.5,4,1.36,White,active
PROD-00209,HEL-NET-3326-MID,Helix Link Go AX1800 Powerline Kit,Networking,Powerline Kit,Helix,"Helix Link Go AX1800 Powerline Kit is a powerline kit from Helix featuring standard: WiFi 6 (AX3000), ports: 4x Gigabit LAN, 1x WAN, coverage: Up to 2000 sq ft. Engineered for long-term use.",19499,32499,40.0,17,24,true,true,3.3,3,0.28,Midnight Blue,active
PROD-00210,TER-NET-6644-FOR,TerraByte Net Flex AC1200 Powerline Kit,Networking,Powerline Kit,TerraByte,"TerraByte Net Flex AC1200 Powerline Kit is a powerline kit from TerraByte featuring standard: WiFi 6 (AX1800), ports: 1x Gigabit LAN, coverage: Up to 1200 sq ft. A balanced pick for its class.",13499,14999,10.0,235,36,true,true,3.2,4,0.13,Forest Green,active
PROD-00211,QUA-NET-2104-FOR,Quantix Net One AC1200 Powerline Kit,Networking,Powerline Kit,Quantix,"Quantix Net One AC1200 Powerline Kit is a powerline kit from Quantix featuring standard: WiFi 5 (AC1200), ports: 1x Gigabit LAN, coverage: Up to 2000 sq ft. Built for everyday reliability.",5299,5899,10.2,4,36,true,true,4.0,2,0.96,Forest Green,active
PROD-00212,NET-NET-6615-GRA,NetWeave One 8P USB WiFi Adapter,Networking,USB WiFi Adapter,NetWeave,"NetWeave One 8P USB WiFi Adapter is a usb wifi adapter from NetWeave featuring standard: WiFi 5 (AC1200), ports: 8x Gigabit LAN, coverage: Up to 2000 sq ft. Engineered for long-term use.",5499,6899,20.3,22,36,true,true,3.0,4,0.43,Graphite,active
PROD-00213,QUA-NET-5501-OCE,Quantix Net Max AC1200 Range Extender,Networking,Range Extender,Quantix,"Quantix Net Max AC1200 Range Extender is a range extender from Quantix featuring standard: WiFi 6 (AX1800), ports: 4x Gigabit LAN, 1x WAN, coverage: Up to 2000 sq ft. Engineered for long-term use.",9199,11499,20.0,30,24,true,true,4.0,2,0.16,Ocean Blue,active
PROD-00214,NET-NET-2595-BLA,NetWeave Flex 8P Range Extender,Networking,Range Extender,NetWeave,"NetWeave Flex 8P Range Extender is a range extender from NetWeave featuring standard: WiFi 6E, ports: 1x Gigabit LAN, coverage: Up to 4000 sq ft (mesh). Backed by NovaMart-certified service.",24999,29499,15.3,90,36,true,true,,0,0.71,Black,active
PROD-00215,VYO-SMA-3045-MID,Vyom Star Pro 11,Smartphones,Foldable,Vyom,"Vyom Star Pro 11 is a foldable from Vyom featuring 12 GB ram, 256 GB storage, display: 6.7-inch AMOLED 120 Hz. Designed with Indian conditions in mind.",76499,80499,5.0,30,12,true,true,4.3,11,0.28,Midnight Blue,active
PROD-00216,VYO-SMA-1493-BLA,Vyom Star Max X7,Smartphones,Foldable,Vyom,"Vyom Star Max X7 is a foldable from Vyom featuring 16 GB ram, 512 GB storage, display: 6.5-inch LTPO AMOLED 120 Hz. Backed by NovaMart-certified service.",129999,158499,18.0,74,12,true,true,3.0,2,0.19,Black,active
PROD-00217,NOV-SMA-4604-MID,NovaPhone Pro 7,Smartphones,Mid-range,NovaTech,"NovaPhone Pro 7 is a mid-range from NovaTech featuring 4 GB ram, 64 GB storage, display: 6.7-inch LCD 90 Hz. Backed by NovaMart-certified service.",11499,16499,30.3,48,18,true,true,4.8,5,0.2,Midnight Blue,active
PROD-00218,PIX-SMA-5848-FOR,PixelForge Vue Max S2,Smartphones,Flagship,PixelForge,"PixelForge Vue Max S2 is a flagship from PixelForge featuring 8 GB ram, 128 GB storage, display: 6.78-inch AMOLED 90 Hz. Includes all in-box accessories listed on the spec sheet.",40999,42999,4.7,0,12,true,true,3.0,1,0.19,Forest Green,out_of_stock
PROD-00219,QUA-SMA-4469-FOR,Quantix Q Lite 3,Smartphones,Flagship,Quantix,"Quantix Q Lite 3 is a flagship from Quantix featuring 12 GB ram, 256 GB storage, display: 6.7-inch AMOLED 120 Hz. Designed with Indian conditions in mind.",62999,104999,40.0,38,12,true,true,4.7,3,0.26,Forest Green,active
PROD-00220,LUM-SMA-3147-TIT,Lumora Spark Go X7,Smartphones,Camera Phone,Lumora,"Lumora Spark Go X7 is a camera phone from Lumora featuring 6 GB ram, 128 GB storage, display: 6.78-inch LCD 90 Hz. Popular with students and professionals alike.",23499,31499,25.4,70,12,true,true,4.5,2,0.23,Titanium,active
PROD-00221,VYO-SMA-6818-CHA,Vyom Star Max 5,Smartphones,Mid-range,Vyom,"Vyom Star Max 5 is a mid-range from Vyom featuring 4 GB ram, 64 GB storage, display: 6.7-inch LCD 90 Hz. Backed by NovaMart-certified service.",7599,9499,20.0,50,12,true,true,4.5,2,0.24,Charcoal,active
PROD-00222,LUM-SMA-9849-TIT,Lumora Spark Pro 11,Smartphones,Flagship,Lumora,"Lumora Spark Pro 11 is a flagship from Lumora featuring 16 GB ram, 512 GB storage, display: 6.78-inch LTPO AMOLED 120 Hz. Built for everyday reliability.",109499,156499,30.0,3,12,true,true,4.3,7,0.21,Titanium,active
PROD-00223,ZEN-SMA-4902-CHA,Zenova Nova Max 3,Smartphones,Camera Phone,Zenova,"Zenova Nova Max 3 is a camera phone from Zenova featuring 12 GB ram, 256 GB storage, display: 6.7-inch AMOLED 120 Hz. Backed by NovaMart-certified service.",76499,89999,15.0,0,12,true,true,4.4,7,0.25,Charcoal,out_of_stock
PROD-00224,PIX-SMA-4469-SIL,PixelForge Vue Air 11,Smartphones,Flagship,PixelForge,"PixelForge Vue Air 11 is a flagship from PixelForge featuring 16 GB ram, 512 GB storage, display: 6.7-inch LTPO AMOLED 120 Hz. A balanced pick for its class.",129999,216499,40.0,28,12,true,true,5.0,6,0.25,Silver,active
PROD-00225,VYO-SMA-4965-SAN,Vyom Star Ultra S2,Smartphones,Mid-range,Vyom,"Vyom Star Ultra S2 is a mid-range from Vyom featuring 6 GB ram, 128 GB storage, display: 6.78-inch LCD 90 Hz. Popular with students and professionals alike.",18999,28999,34.5,25,18,true,true,3.8,5,0.15,Sand Beige,active
PROD-00226,PIX-SMA-1927-MID,PixelForge Vue Flex S2,Smartphones,Budget,PixelForge,"PixelForge Vue Flex S2 is a budget from PixelForge featuring 4 GB ram, 64 GB storage, display: 6.67-inch LCD 90 Hz. Designed with Indian conditions in mind.",7499,12499,40.0,128,12,true,true,,0,0.22,Midnight Blue,active
PROD-00227,PIX-SMA-2494-SAN,PixelForge Vue Ultra 11,Smartphones,Mid-range,PixelForge,"PixelForge Vue Ultra 11 is a mid-range from PixelForge featuring 8 GB ram, 128 GB storage, display: 6.67-inch AMOLED 90 Hz. Engineered for long-term use.",51999,64999,20.0,241,12,true,true,3.2,8,0.16,Sand Beige,active
PROD-00228,VYO-SMA-1661-SIL,Vyom Star Air 9,Smartphones,Foldable,Vyom,"Vyom Star Air 9 is a foldable from Vyom featuring 12 GB ram, 256 GB storage, display: 6.7-inch AMOLED 120 Hz. Popular with students and professionals alike.",73499,81499,9.8,29,12,true,false,5.0,1,0.19,Silver,active
PROD-00229,LUM-SMA-4135-SIL,Lumora Spark Core 11,Smartphones,Camera Phone,Lumora,"Lumora Spark Core 11 is a camera phone from Lumora featuring 16 GB ram, 512 GB storage, display: 6.5-inch LTPO AMOLED 120 Hz. Engineered for long-term use.",129999,152999,15.0,31,12,true,true,2.7,3,0.25,Silver,active
PROD-00230,QUA-SMA-8136-SAN,Quantix Q Air 7,Smartphones,Budget,Quantix,"Quantix Q Air 7 is a budget from Quantix featuring 4 GB ram, 64 GB storage, display: 6.67-inch LCD 90 Hz. Designed with Indian conditions in mind.",7499,12499,40.0,30,12,true,true,3.2,4,0.2,Sand Beige,active
PROD-00231,NOV-SMA-1456-ROS,NovaPhone Neo 7,Smartphones,Foldable,NovaTech,"NovaPhone Neo 7 is a foldable from NovaTech featuring 12 GB ram, 256 GB storage, display: 6.5-inch AMOLED 120 Hz. Engineered for long-term use.",77499,85999,9.9,19,18,true,true,3.5,4,0.26,Rose Gold,active
PROD-00232,PIX-SMA-1287-WHI,PixelForge Vue Core S2,Smartphones,Flagship,PixelForge,"PixelForge Vue Core S2 is a flagship from PixelForge featuring 16 GB ram, 512 GB storage, display: 6.7-inch LTPO AMOLED 120 Hz. Built for everyday reliability.",116999,145999,19.9,15,12,true,true,3.3,3,0.17,White,active
PROD-00233,PIX-SMA-7879-CHA,PixelForge Vue Plus 9,Smartphones,Foldable,PixelForge,"PixelForge Vue Plus 9 is a foldable from PixelForge featuring 12 GB ram, 256 GB storage, display: 6.78-inch AMOLED 120 Hz. Engineered for long-term use.",65999,82499,20.0,81,12,true,true,2.2,4,0.19,Charcoal,active
PROD-00234,ZEN-SMA-1461-BLA,Zenova Nova Lite 3,Smartphones,Foldable,Zenova,"Zenova Nova Lite 3 is a foldable from Zenova featuring 12 GB ram, 256 GB storage, display: 6.7-inch AMOLED 120 Hz. A balanced pick for its class.",58499,61499,4.9,0,18,true,true,,0,0.23,Black,discontinued
PROD-00235,LUM-SMA-1252-BLA,Lumora Spark Pro 5,Smartphones,Budget,Lumora,"Lumora Spark Pro 5 is a budget from Lumora featuring 8 GB ram, 128 GB storage, display: 6.67-inch AMOLED 90 Hz. Designed with Indian conditions in mind.",49499,75999,34.9,29,12,true,true,4.0,1,0.28,Black,active
PROD-00236,NOV-SMA-2494-OCE,NovaPhone Air S2,Smartphones,Camera Phone,NovaTech,"NovaPhone Air S2 is a camera phone from NovaTech featuring 8 GB ram, 128 GB storage, display: 6.7-inch AMOLED 90 Hz. Designed with Indian conditions in mind.",44499,63499,29.9,41,18,true,true,3.3,3,0.26,Ocean Blue,active
PROD-00237,VYO-SMA-2125-SIL,Vyom Star Lite 9,Smartphones,Mid-range,Vyom,"Vyom Star Lite 9 is a mid-range from Vyom featuring 12 GB ram, 256 GB storage, display: 6.67-inch AMOLED 120 Hz. Built for everyday reliability.",73999,92499,20.0,2,18,true,true,3.0,2,0.17,Silver,active
PROD-00238,PIX-SMA-1387-SPA,PixelForge Vue Max 3,Smartphones,Mid-range,PixelForge,"PixelForge Vue Max 3 is a mid-range from PixelForge featuring 6 GB ram, 128 GB storage, display: 6.5-inch AMOLED 90 Hz. A balanced pick for its class.",30999,36499,15.1,93,12,true,true,3.6,5,0.23,Space Grey,active
PROD-00239,PIX-SMA-3809-TIT,PixelForge Vue Pro 11,Smartphones,Foldable,PixelForge,"PixelForge Vue Pro 11 is a foldable from PixelForge featuring 12 GB ram, 256 GB storage, display: 6.5-inch AMOLED 120 Hz. Engineered for long-term use.",69499,92499,24.9,14,12,true,true,3.6,9,0.23,Titanium,active
PROD-00240,PIX-SMA-2874-CHA,PixelForge Vue Go X5,Smartphones,Mid-range,PixelForge,"PixelForge Vue Go X5 is a mid-range from PixelForge featuring 4 GB ram, 64 GB storage, display: 6.5-inch LCD 90 Hz. Backed by NovaMart-certified service.",7999,9399,14.9,4,12,true,true,4.3,3,0.19,Charcoal,active
PROD-00241,LUM-SMA-8418-SIL,Lumora Spark Lite S2,Smartphones,Camera Phone,Lumora,"Lumora Spark Lite S2 is a camera phone from Lumora featuring 6 GB ram, 128 GB storage, display: 6.78-inch AMOLED 90 Hz. Designed with Indian conditions in mind.",26499,32999,19.7,33,12,true,true,4.0,3,0.28,Silver,active
PROD-00242,QUA-SMA-3464-SPA,Quantix Q Go X5,Smartphones,Flagship,Quantix,"Quantix Q Go X5 is a flagship from Quantix featuring 16 GB ram, 512 GB storage, display: 6.5-inch LTPO AMOLED 120 Hz. Built for everyday reliability.",129999,216499,40.0,14,12,true,false,4.3,3,0.28,Space Grey,active
PROD-00243,QUA-SMA-9509-BLA,Quantix Q Spark X7,Smartphones,Flagship,Quantix,"Quantix Q Spark X7 is a flagship from Quantix featuring 16 GB ram, 512 GB storage, display: 6.67-inch LTPO AMOLED 120 Hz. Built for everyday reliability.",129999,173499,25.1,70,12,true,true,3.8,4,0.24,Black,active
PROD-00244,QUA-SMA-1481-GRA,Quantix Q Pro 3,Smartphones,Mid-range,Quantix,"Quantix Q Pro 3 is a mid-range from Quantix featuring 4 GB ram, 64 GB storage, display: 6.67-inch LCD 90 Hz. Designed with Indian conditions in mind.",9099,10499,13.3,92,12,true,true,4.7,3,0.16,Graphite,active
PROD-00245,ZEN-SMA-3958-FOR,Zenova Pulse Neo Active,Smartwatches,Fitness Band,Zenova,"Zenova Pulse Neo Active is a fitness band from Zenova featuring display: 1.3-inch AMOLED, battery: Up to 10 days, sensors: Heart rate, SpO2. Designed with Indian conditions in mind.",19499,27999,30.4,0,12,true,true,3.6,10,0.04,Forest Green,out_of_stock
PROD-00246,KIN-SMA-2121-SAN,Kinetiq Fit Edge 5,Smartwatches,Kids Watch,Kinetiq,"Kinetiq Fit Edge 5 is a kids watch from Kinetiq featuring display: 1.3-inch AMOLED, battery: Up to 10 days, sensors: Heart rate, SpO2. Popular with students and professionals alike.",15499,16499,6.1,89,6,true,true,3.2,4,0.06,Sand Beige,active
PROD-00247,NOV-SMA-9216-FOR,NovaWatch Flex 3,Smartwatches,Sports Watch,NovaTech,"NovaWatch Flex 3 is a sports watch from NovaTech featuring display: 1.3-inch AMOLED, battery: Up to 10 days, sensors: Heart rate, SpO2. Popular with students and professionals alike.",12999,13499,3.7,363,12,true,false,4.0,2,0.07,Forest Green,active
PROD-00248,NOV-SMA-8149-CHA,NovaWatch Ultra 1,Smartwatches,Kids Watch,NovaTech,"NovaWatch Ultra 1 is a kids watch from NovaTech featuring display: 1.96-inch LCD, battery: Up to 5 days, sensors: Heart rate, SpO2. Designed with Indian conditions in mind.",4799,6399,25.0,54,12,true,true,3.4,13,0.06,Charcoal,active
PROD-00249,LUM-SMA-4206-SIL,Lumora Watch Neo S,Smartwatches,Smartwatch,Lumora,"Lumora Watch Neo S is a smartwatch from Lumora featuring display: 1.96-inch LCD, battery: Up to 7 days, sensors: Heart rate, SpO2. A balanced pick for its class.",8599,9599,10.4,12,6,true,true,4.6,5,0.03,Silver,active
PROD-00250,KIN-SMA-1918-OCE,Kinetiq Fit Flex Active,Smartwatches,Sports Watch,Kinetiq,"Kinetiq Fit Flex Active is a sports watch from Kinetiq featuring display: 1.69-inch LCD, battery: Up to 5 days, sensors: Heart rate, SpO2. Designed with Indian conditions in mind.",1999,2399,16.7,37,12,true,true,3.9,8,0.06,Ocean Blue,active
PROD-00251,LUM-SMA-9301-OCE,Lumora Watch Lite S,Smartwatches,Sports Watch,Lumora,"Lumora Watch Lite S is a sports watch from Lumora featuring display: 1.3-inch LCD, battery: Up to 7 days, sensors: Heart rate, SpO2. A balanced pick for its class.",8499,11499,26.1,33,12,true,true,3.1,39,0.07,Ocean Blue,active
PROD-00252,LUM-SMA-7784-ROS,Lumora Watch Edge Active,Smartwatches,Smartwatch,Lumora,"Lumora Watch Edge Active is a smartwatch from Lumora featuring display: 1.3-inch AMOLED, battery: Up to 10 days, sensors: Heart rate, SpO2. Includes all in-box accessories listed on the spec sheet.",13999,19999,30.0,53,6,true,true,4.3,7,0.03,Rose Gold,active
PROD-00253,NOV-SMA-9423-FOR,NovaWatch Spark 2,Smartwatches,Fitness Band,NovaTech,"NovaWatch Spark 2 is a fitness band from NovaTech featuring display: 1.3-inch LCD, battery: Up to 7 days, sensors: Heart rate, SpO2. Includes all in-box accessories listed on the spec sheet.",7099,7899,10.1,0,12,true,true,4.2,4,0.07,Forest Green,out_of_stock
PROD-00254,LUM-SMA-1354-MID,Lumora Watch One Active,Smartwatches,Smartwatch,Lumora,"Lumora Watch One Active is a smartwatch from Lumora featuring display: 1.43-inch LCD, battery: Up to 5 days, sensors: Heart rate, SpO2. Backed by NovaMart-certified service.",1799,2199,18.2,50,6,false,true,4.2,5,0.08,Midnight Blue,active
PROD-00255,LUM-SMA-9223-SPA,Lumora Watch Ultra 3,Smartwatches,Sports Watch,Lumora,"Lumora Watch Ultra 3 is a sports watch from Lumora featuring display: 1.43-inch LCD, battery: Up to 5 days, sensors: Heart rate, SpO2. Engineered for long-term use.",1399,1999,30.0,57,12,true,true,3.6,5,0.05,Space Grey,active
PROD-00256,NOV-SMA-2308-WHI,NovaWatch Pro 1,Smartwatches,Smartwatch,NovaTech,"NovaWatch Pro 1 is a smartwatch from NovaTech featuring display: 1.3-inch AMOLED, battery: Up to 10 days, sensors: Heart rate, SpO2. Popular with students and professionals alike.",15499,16999,8.8,63,12,false,true,3.5,4,0.04,White,active
PROD-00257,ZEN-SMA-1615-CHA,Zenova Pulse Air 1,Smartwatches,Kids Watch,Zenova,"Zenova Pulse Air 1 is a kids watch from Zenova featuring display: 1.69-inch LCD, battery: Up to 7 days, sensors: Heart rate, SpO2. Built for everyday reliability.",7099,10999,35.5,63,12,true,true,3.5,11,0.05,Charcoal,active
PROD-00258,NOV-SMA-5319-SIL,NovaWatch Plus S,Smartwatches,Smartwatch,NovaTech,"NovaWatch Plus S is a smartwatch from NovaTech featuring display: 1.3-inch LCD, battery: Up to 5 days, sensors: Heart rate, SpO2. Engineered for long-term use.",2099,2299,8.7,33,6,true,true,2.3,3,0.04,Silver,active
PROD-00259,LUM-SMA-1120-ROS,Lumora Watch Plus 5,Smartwatches,Smartwatch,Lumora,"Lumora Watch Plus 5 is a smartwatch from Lumora featuring display: 1.3-inch LCD, battery: Up to 7 days, sensors: Heart rate, SpO2. Backed by NovaMart-certified service.",8699,9999,13.0,43,6,true,true,3.3,9,0.05,Rose Gold,active
PROD-00260,NOV-SMA-2289-BLA,NovaWatch One 5,Smartwatches,Sports Watch,NovaTech,"NovaWatch One 5 is a sports watch from NovaTech featuring display: 1.96-inch LCD, battery: Up to 5 days, sensors: Heart rate, SpO2. Engineered for long-term use.",4999,5299,5.7,105,12,true,true,4.3,3,0.05,Black,active
PROD-00261,LUM-SMA-4446-BLA,Lumora Watch Prime 2,Smartwatches,Smartwatch,Lumora,"Lumora Watch Prime 2 is a smartwatch from Lumora featuring display: 1.69-inch AMOLED, battery: Up to 14 days, sensors: Heart rate, SpO2, GPS, ECG. Built for everyday reliability.",21999,33999,35.3,199,12,true,true,3.3,6,0.06,Black,active
PROD-00262,LUM-SMA-9235-ROS,Lumora Watch Prime 3,Smartwatches,Fitness Band,Lumora,"Lumora Watch Prime 3 is a fitness band from Lumora featuring display: 1.69-inch AMOLED, battery: Up to 10 days, sensors: Heart rate, SpO2. Engineered for long-term use.",11999,16999,29.4,6,12,true,true,3.7,10,0.07,Rose Gold,active
PROD-00263,LUM-SMA-7856-CHA,Lumora Watch Air 1,Smartwatches,Smartwatch,Lumora,"Lumora Watch Air 1 is a smartwatch from Lumora featuring display: 1.96-inch AMOLED, battery: Up to 7 days, sensors: Heart rate, SpO2. Popular with students and professionals alike.",9999,16499,39.4,12,6,true,true,3.3,9,0.05,Charcoal,active
PROD-00264,LUM-SMA-6004-SPA,Lumora Watch Neo 2,Smartwatches,Fitness Band,Lumora,"Lumora Watch Neo 2 is a fitness band from Lumora featuring display: 1.43-inch AMOLED always-on, battery: Up to 14 days, sensors: Heart rate, SpO2, GPS, ECG. Engineered for long-term use.",22999,25499,9.8,4,6,true,true,4.2,57,0.06,Space Grey,active
PROD-00265,VOL-SPE-9357-SAN,Voltix Bass Max 300,Speakers,Desktop Speakers,Voltix,"Voltix Bass Max 300 is a desktop speakers from Voltix featuring output: 20 W, battery: Mains powered, bluetooth: 5.3. Built for everyday reliability.",10499,14999,30.0,76,12,true,true,3.9,11,2.56,Sand Beige,active
PROD-00266,SOU-SPE-4322-BLA,SoundNest Boom One Mini,Speakers,Soundbar,SoundNest,"SoundNest Boom One Mini is a soundbar from SoundNest featuring output: 40 W, battery: Mains powered, bluetooth: 5.2. Engineered for long-term use.",25499,29999,15.0,169,24,true,true,3.2,6,1.76,Black,active
PROD-00267,AUR-SPE-4735-ROS,Auralix Wave Flex 300,Speakers,Party Speaker,Auralix,"Auralix Wave Flex 300 is a party speaker from Auralix featuring output: 20 W, battery: Up to 12 hours, bluetooth: 5.3. Built for everyday reliability.",15499,16499,6.1,18,12,true,false,4.0,1,6.01,Rose Gold,active
PROD-00268,VOL-SPE-1202-OCE,Voltix Bass Core Go,Speakers,Soundbar,Voltix,"Voltix Bass Core Go is a soundbar from Voltix featuring output: 200 W, battery: Mains powered, bluetooth: 5.0. Popular with students and professionals alike.",44999,54999,18.2,23,12,true,true,4.7,7,3.8,Ocean Blue,active
PROD-00269,SOU-SPE-5746-FOR,SoundNest Boom Pro Go,Speakers,Bluetooth Speaker,SoundNest,"SoundNest Boom Pro Go is a bluetooth speaker from SoundNest featuring output: 5 W, battery: Up to 24 hours, bluetooth: 5.3. Backed by NovaMart-certified service.",2499,2799,10.7,52,12,true,true,4.2,58,5.83,Forest Green,active
PROD-00270,AUR-SPE-1246-FOR,Auralix Wave Core 500,Speakers,Smart Speaker,Auralix,"Auralix Wave Core 500 is a smart speaker from Auralix featuring output: 5 W, battery: Up to 24 hours, bluetooth: 5.0. Built for everyday reliability.",699,789,11.4,74,12,true,true,3.6,45,5.54,Forest Green,active
PROD-00271,AUR-SPE-2024-WHI,Auralix Wave Lite Max,Speakers,Soundbar,Auralix,"Auralix Wave Lite Max is a soundbar from Auralix featuring output: 20 W, battery: Mains powered, bluetooth: 5.0. Includes all in-box accessories listed on the spec sheet.",12499,16499,24.2,0,24,true,true,4.2,8,3.07,White,out_of_stock
PROD-00272,AUR-SPE-6541-FOR,Auralix Wave Flex Max,Speakers,Party Speaker,Auralix,"Auralix Wave Flex Max is a party speaker from Auralix featuring output: 40 W, battery: Mains powered, bluetooth: 5.3. Includes all in-box accessories listed on the spec sheet.",20499,31499,34.9,24,12,true,true,3.7,3,3.17,Forest Green,active
PROD-00273,AUR-SPE-4549-OCE,Auralix Wave Plus Mini,Speakers,Smart Speaker,Auralix,"Auralix Wave Plus Mini is a smart speaker from Auralix featuring output: 5 W, battery: Up to 12 hours, bluetooth: 5.2. Backed by NovaMart-certified service.",1199,1299,7.7,40,24,true,true,3.7,3,3.92,Ocean Blue,active
PROD-00274,SOU-SPE-2109-SIL,SoundNest Boom Plus 700,Speakers,Smart Speaker,SoundNest,"SoundNest Boom Plus 700 is a smart speaker from SoundNest featuring output: 200 W, battery: Up to 12 hours, bluetooth: 5.0. Built for everyday reliability.",36999,56999,35.1,47,24,true,true,3.0,1,3.58,Silver,active
PROD-00275,SOU-SPE-3350-GRA,SoundNest Boom Max Mini,Speakers,Desktop Speakers,SoundNest,"SoundNest Boom Max Mini is a desktop speakers from SoundNest featuring output: 200 W, battery: Up to 12 hours, bluetooth: 5.3. Engineered for long-term use.",36499,45499,19.8,100,12,true,true,3.6,7,1.14,Graphite,active
PROD-00276,VOL-SPE-2241-GRA,Voltix Bass Ultra Mini,Speakers,Smart Speaker,Voltix,"Voltix Bass Ultra Mini is a smart speaker from Voltix featuring output: 100 W, battery: Mains powered, bluetooth: 5.2. Includes all in-box accessories listed on the spec sheet.",28999,31999,9.4,59,24,true,true,3.4,5,4.12,Graphite,active
PROD-00277,AUR-SPE-9639-WHI,Auralix Wave Pro 500,Speakers,Bluetooth Speaker,Auralix,"Auralix Wave Pro 500 is a bluetooth speaker from Auralix featuring output: 5 W, battery: Mains powered, bluetooth: 5.2. Designed with Indian conditions in mind.",1099,1499,26.7,361,12,false,true,3.8,6,6.24,White,active
PROD-00278,SOU-SPE-1567-SPA,SoundNest Boom Edge Go,Speakers,Soundbar,SoundNest,"SoundNest Boom Edge Go is a soundbar from SoundNest featuring output: 20 W, battery: Up to 24 hours, bluetooth: 5.3. A balanced pick for its class.",13999,15499,9.7,7,12,true,true,4.6,5,3.94,Space Grey,active
PROD-00279,SOU-SPE-7690-FOR,SoundNest Boom Core 300,Speakers,Smart Speaker,SoundNest,"SoundNest Boom Core 300 is a smart speaker from SoundNest featuring output: 40 W, battery: Mains powered, bluetooth: 5.3. Built for everyday reliability.",20499,27499,25.5,87,12,true,true,4.2,4,5.84,Forest Green,active
PROD-00280,VOL-SPE-8779-WHI,Voltix Bass Core 300,Speakers,Desktop Speakers,Voltix,"Voltix Bass Core 300 is a desktop speakers from Voltix featuring output: 20 W, battery: Up to 12 hours, bluetooth: 5.2. Designed with Indian conditions in mind.",9999,11499,13.0,70,12,true,true,3.8,6,2.86,White,active
PROD-00281,VOL-SPE-9792-FOR,Voltix Bass Spark 700,Speakers,Bluetooth Speaker,Voltix,"Voltix Bass Spark 700 is a bluetooth speaker from Voltix featuring output: 5 W, battery: Mains powered, bluetooth: 5.3. Popular with students and professionals alike.",4099,6799,39.7,43,24,true,false,2.7,3,6.48,Forest Green,active
PROD-00282,AUR-SPE-2386-WHI,Auralix Wave Core Mini,Speakers,Party Speaker,Auralix,"Auralix Wave Core Mini is a party speaker from Auralix featuring output: 40 W, battery: Mains powered, bluetooth: 5.3. Popular with students and professionals alike.",21999,22999,4.3,32,12,true,true,4.2,4,4.15,White,active
PROD-00283,AUR-SPE-8772-OCE,Auralix Wave Spark 300,Speakers,Party Speaker,Auralix,"Auralix Wave Spark 300 is a party speaker from Auralix featuring output: 40 W, battery: Mains powered, bluetooth: 5.0. Built for everyday reliability.",18499,22999,19.6,128,12,true,true,3.6,5,0.86,Ocean Blue,active
PROD-00284,SOU-SPE-9791-CHA,SoundNest Boom Air 300,Speakers,Bluetooth Speaker,SoundNest,"SoundNest Boom Air 300 is a bluetooth speaker from SoundNest featuring output: 5 W, battery: Mains powered, bluetooth: 5.3. Engineered for long-term use.",2999,3699,18.9,97,24,true,true,4.3,3,3.91,Charcoal,active
PROD-00285,NOV-TAB-8922-FOR,NovaPad Flex 11,Tablets,Pro Tablet,NovaTech,"NovaPad Flex 11 is a pro tablet from NovaTech featuring 4 GB ram, 64 GB storage, display: 12.4-inch FHD. Backed by NovaMart-certified service.",23499,25499,7.8,46,18,true,true,3.0,1,0.67,Forest Green,active
PROD-00286,LUM-TAB-1651-TIT,Lumora Tab Go 12,Tablets,Kids Tablet,Lumora,"Lumora Tab Go 12 is a kids tablet from Lumora featuring 4 GB ram, 64 GB storage, display: 12.4-inch FHD. Backed by NovaMart-certified service.",25499,31999,20.3,15,12,true,true,3.7,12,0.62,Titanium,active
PROD-00287,PIX-TAB-8233-GRA,PixelForge Slate Air 8,Tablets,Android Tablet,PixelForge,"PixelForge Slate Air 8 is a android tablet from PixelForge featuring 6 GB ram, 128 GB storage, display: 10.4-inch FHD. Backed by NovaMart-certified service.",35499,41999,15.5,150,12,true,true,4.0,2,0.62,Graphite,active
PROD-00288,PIX-TAB-2945-ROS,PixelForge Slate Core 10,Tablets,Android Tablet,PixelForge,"PixelForge Slate Core 10 is a android tablet from PixelForge featuring 12 GB ram, 512 GB storage, display: 12.4-inch 2.8K OLED. Popular with students and professionals alike.",75999,101499,25.1,0,12,true,false,,0,0.6,Rose Gold,out_of_stock
PROD-00289,LUM-TAB-5581-TIT,Lumora Tab Neo 10,Tablets,Kids Tablet,Lumora,"Lumora Tab Neo 10 is a kids tablet from Lumora featuring 6 GB ram, 128 GB storage, display: 10.4-inch 2K. Engineered for long-term use.",43999,58499,24.8,14,12,true,false,4.5,2,0.61,Titanium,active
PROD-00290,VYO-TAB-2650-TIT,Vyom Pad Lite 11,Tablets,Drawing Tablet,Vyom,"Vyom Pad Lite 11 is a drawing tablet from Vyom featuring 6 GB ram, 128 GB storage, display: 12.4-inch 2K. Designed with Indian conditions in mind.",46999,55499,15.3,13,12,true,true,4.0,1,0.5,Titanium,active
PROD-00291,LUM-TAB-7271-MID,Lumora Tab Spark 8,Tablets,Kids Tablet,Lumora,"Lumora Tab Spark 8 is a kids tablet from Lumora featuring 3 GB ram, 32 GB storage, display: 11-inch HD. Engineered for long-term use.",9999,11499,13.0,0,12,true,true,1.5,2,0.69,Midnight Blue,out_of_stock
PROD-00292,VYO-TAB-7855-FOR,Vyom Pad Pro 10,Tablets,Android Tablet,Vyom,"Vyom Pad Pro 10 is a android tablet from Vyom featuring 12 GB ram, 512 GB storage, display: 11-inch 2.8K OLED. Backed by NovaMart-certified service.",73499,83499,12.0,0,18,true,true,,0,0.37,Forest Green,discontinued
PROD-00293,LUM-TAB-8828-SPA,Lumora Tab Edge 8,Tablets,Android Tablet,Lumora,"Lumora Tab Edge 8 is a android tablet from Lumora featuring 8 GB ram, 256 GB storage, display: 12.4-inch 2.8K OLED. A balanced pick for its class.",67499,79499,15.1,223,12,true,true,,0,0.4,Space Grey,active
PROD-00294,VYO-TAB-4389-BLA,Vyom Pad Pro 12,Tablets,Android Tablet,Vyom,"Vyom Pad Pro 12 is a android tablet from Vyom featuring 4 GB ram, 64 GB storage, display: 11-inch HD. Built for everyday reliability.",20499,33999,39.7,0,18,true,true,,0,0.32,Black,out_of_stock
PROD-00295,NOV-TAB-1645-TIT,NovaPad Flex 12,Tablets,Kids Tablet,NovaTech,"NovaPad Flex 12 is a kids tablet from NovaTech featuring 8 GB ram, 256 GB storage, display: 12.4-inch 2K. Built for everyday reliability.",59999,66499,9.8,52,12,true,true,3.3,3,0.41,Titanium,active
PROD-00296,VYO-TAB-2521-OCE,Vyom Pad One 8,Tablets,Drawing Tablet,Vyom,"Vyom Pad One 8 is a drawing tablet from Vyom featuring 3 GB ram, 32 GB storage, display: 11-inch HD. Popular with students and professionals alike.",11499,12999,11.5,44,18,true,true,3.5,6,0.63,Ocean Blue,active
PROD-00297,NOV-TAB-3009-GRA,NovaPad Neo 12,Tablets,Pro Tablet,NovaTech,"NovaPad Neo 12 is a pro tablet from NovaTech featuring 12 GB ram, 512 GB storage, display: 8-inch 2.8K OLED. Engineered for long-term use.",78499,86999,9.8,85,12,true,true,4.2,5,0.58,Graphite,active
PROD-00298,VYO-TAB-5493-TIT,Vyom Pad Plus 10,Tablets,Pro Tablet,Vyom,"Vyom Pad Plus 10 is a pro tablet from Vyom featuring 4 GB ram, 64 GB storage, display: 12.4-inch FHD. A balanced pick for its class.",22999,28499,19.3,48,12,true,true,3.5,2,0.39,Titanium,active
PROD-00299,PIX-TAB-6918-SPA,PixelForge Slate Air 10,Tablets,Drawing Tablet,PixelForge,"PixelForge Slate Air 10 is a drawing tablet from PixelForge featuring 4 GB ram, 64 GB storage, display: 12.4-inch FHD. Engineered for long-term use.",24999,30499,18.0,72,18,true,true,2.0,1,0.45,Space Grey,active
PROD-00300,LUM-TAB-1004-ROS,Lumora Tab Prime 12,Tablets,Kids Tablet,Lumora,"Lumora Tab Prime 12 is a kids tablet from Lumora featuring 3 GB ram, 32 GB storage, display: 12.4-inch HD. A balanced pick for its class.",9999,16499,39.4,0,18,true,true,4.5,2,0.65,Rose Gold,out_of_stock
